DATE,STOCK_ID,TRADING_VOLUME,TRADING_MONEY,OPEN,MAX,MIN,CLOSE,SPREAD,TRADING_TURNOVER,MA_30,MA_90,MACD_DIF,MACD_SIGNAL,MACD_HISTOGRAM,BOLL_MID,BOLL_UPPER_1p5,BOLL_LOWER_1p5,BOLL_UPPER_2p0,BOLL_LOWER_2p0
2024-01-02,2357,5266565,2560400762,494.0,498.0,479.0,485.0,-4.5,13134,,,0.0,0.0,0.0,,,,,
2024-01-03,2357,10317823,4820840060,478.0,482.0,459.0,465.0,-20.0,11628,,,-1.5954,-0.3191,-1.2764,,,,,
2024-01-04,2357,7718355,3514563933,465.0,467.0,450.5,454.0,-11.0,8817,,,-3.7047,-0.9962,-2.7085,,,,,
2024-01-05,2357,4542745,2068494080,456.5,461.5,451.0,454.0,0.0,5480,,,-5.3151,-1.86,-3.4551,,,,,
2024-01-08,2357,3869864,1768834925,459.0,463.5,452.5,453.5,-0.5,4504,,,-6.5561,-2.7992,-3.7569,,,,,
2024-01-09,2357,3836812,1754809908,461.5,464.0,453.5,455.0,1.5,3994,,,-7.334,-3.7062,-3.6278,,,,,
2024-01-10,2357,4567018,2099507365,455.0,464.0,451.5,461.0,6.0,4482,,,-7.3813,-4.4412,-2.9401,,,,,
2024-01-11,2357,3029283,1389571870,462.0,463.0,455.0,461.0,0.0,3889,,,-7.3342,-5.0198,-2.3144,,,,,
2024-01-12,2357,4914293,2209909692,459.0,459.0,445.0,448.5,-12.5,7530,,,-8.2109,-5.658,-2.5529,,,,,
2024-01-15,2357,2917972,1312743951,452.0,455.0,446.0,447.0,-1.5,3917,,,-8.9238,-6.3112,-2.6127,,,,,
2024-01-16,2357,3955229,1746775427,445.5,445.5,439.0,440.5,-6.5,4778,,,-9.8992,-7.0288,-2.8704,,,,,
2024-01-17,2357,5065350,2228513012,441.0,444.5,436.5,439.0,-1.5,5378,,,-10.6703,-7.7571,-2.9132,,,,,
2024-01-18,2357,4229401,1891078825,439.0,452.5,439.0,445.0,6.0,4449,,,-10.6742,-8.3405,-2.3336,,,,,
2024-01-19,2357,3783224,1705488446,448.0,455.0,445.5,455.0,10.0,4536,,,-9.7578,-8.624,-1.1338,,,,,
2024-01-22,2357,4437172,2038154970,456.0,465.0,455.0,459.5,4.5,5288,,,-8.5697,-8.6131,0.0434,,,,,
2024-01-23,2357,2496061,1140670060,460.0,462.5,454.5,456.5,-3.0,3170,,,-7.7805,-8.4466,0.6661,,,,,
2024-01-24,2357,2214417,1012585847,457.0,461.5,454.0,455.0,-1.5,2708,,,-7.1932,-8.1959,1.0027,,,,,
2024-01-25,2357,2024321,926070415,457.0,460.5,454.5,458.0,3.0,2412,,,-6.4118,-7.8391,1.4273,,,,,
2024-01-26,2357,5168551,2280983518,453.0,453.5,436.5,439.0,-19.0,7546,,,-7.2421,-7.7197,0.4776,,,,,
2024-01-29,2357,1900426,840655061,436.0,445.0,436.0,444.0,5.0,2308,,,-7.4113,-7.658,0.2467,453.775,469.6467,437.9033,474.9372,432.6128
2024-01-30,2357,3281842,1468627418,443.5,451.0,439.5,447.5,3.5,3179,,,-7.1802,-7.5625,0.3823,451.9,463.4233,440.3767,467.2643,436.5357
2024-01-31,2357,5042135,2245831730,446.0,453.0,441.0,445.5,-2.0,3396,,,-7.0768,-7.4653,0.3885,450.925,461.6517,440.1983,465.2273,436.6227
2024-02-01,2357,1772185,789068320,447.0,448.0,442.0,447.0,1.5,2041,,,-6.7955,-7.3314,0.5358,450.575,461.321,439.829,464.903,436.247
2024-02-02,2357,3390674,1537839163,451.0,458.0,450.0,455.0,8.0,3388,,,-5.8595,-7.037,1.1775,450.625,461.4139,439.8361,465.0102,436.2398
2024-02-05,2357,2823235,1275735945,450.5,455.0,448.5,452.0,-3.0,3115,,,-5.2988,-6.6894,1.3906,450.55,461.3032,439.7968,464.8877,436.2123
2024-02-15,2357,5895947,2729606558,464.0,467.0,457.0,464.0,12.0,6365,,,-3.8417,-6.1198,2.2781,451.0,462.5858,439.4142,466.4477,435.5523
2024-02-16,2357,7291033,3505703156,462.5,488.0,462.0,479.5,15.5,8270,,,-1.42,-5.1799,3.7599,451.925,466.6406,437.2094,471.5458,432.3042
2024-02-19,2357,3367519,1595853540,482.5,482.5,467.5,477.5,-2.0,6358,,,0.3341,-4.0771,4.4112,452.75,469.5619,435.9381,475.1659,430.3341
2024-02-20,2357,2503534,1183777617,475.5,479.0,470.0,473.0,-4.5,3200,,,1.3456,-2.9925,4.3381,453.975,472.0169,435.9331,478.0308,429.9192
2024-02-21,2357,3447211,1634157352,476.0,487.0,466.0,469.0,-4.0,4015,456.1833,,1.8036,-2.0333,3.8369,455.075,473.6119,436.5381,479.7908,430.3592
2024-02-22,2357,3317620,1552667015,473.0,477.0,462.5,469.0,0.0,3452,455.65,,2.1419,-1.1983,3.3402,456.5,474.847,438.153,480.9626,432.0374
2024-02-23,2357,3616173,1729746294,473.0,482.5,473.0,474.0,5.0,4307,455.95,,2.7814,-0.4023,3.1838,458.25,476.3982,440.1018,482.4477,434.0523
2024-02-26,2357,2568802,1205279763,472.0,473.5,464.5,470.5,-3.5,4449,456.5,,2.9716,0.2724,2.6991,459.525,477.483,441.567,483.469,435.581
2024-02-27,2357,7832359,3578121818,461.5,462.0,452.0,454.5,-16.0,8368,456.5167,,1.8103,0.58,1.2303,459.5,477.4737,441.5263,483.4649,435.5351
2024-02-29,2357,6920805,3146511936,450.0,462.5,448.0,455.0,0.5,4891,456.5667,,0.9198,0.648,0.2718,459.275,477.3119,441.2381,483.3242,435.2258
2024-03-01,2357,2473455,1135821316,457.0,466.0,456.0,457.0,2.0,2692,456.6333,,0.3711,0.5926,-0.2215,459.3,477.3286,441.2714,483.3381,435.2619
2024-03-04,2357,2728612,1256229710,460.5,467.0,457.0,457.0,0.0,3253,456.5,,-0.063,0.4615,-0.5245,459.4,477.3845,441.4155,483.3794,435.4206
2024-03-05,2357,3456791,1606727847,458.0,470.0,458.0,466.0,9.0,4378,456.6667,,0.3156,0.4323,-0.1167,459.8,477.9105,441.6895,483.9474,435.6526
2024-03-06,2357,2342184,1096122933,465.0,471.5,462.5,471.0,5.0,3360,457.4167,,1.0074,0.5473,0.4601,461.4,478.2982,444.5018,483.9309,438.8691
2024-03-07,2357,2193189,1017970212,470.0,471.0,461.0,462.0,-9.0,3818,457.9167,,0.8201,0.6019,0.2182,462.3,478.0423,446.5577,483.2897,441.3103
2024-03-08,2357,2942729,1339911743,461.5,461.5,451.0,452.5,-9.5,4968,458.3167,,-0.0939,0.4627,-0.5566,462.55,477.8178,447.2822,482.9071,442.1929
2024-03-11,2357,4202434,1868252341,453.0,457.0,439.5,444.0,-8.5,6371,458.4833,,-1.487,0.0728,-1.5598,462.475,477.9481,447.0019,483.1058,441.8442
2024-03-12,2357,3380619,1493604186,442.5,446.0,437.0,441.0,-3.0,4123,458.35,,-2.8008,-0.502,-2.2989,462.175,478.4679,445.8821,483.8988,440.4512
2024-03-13,2357,4298757,1892568372,441.0,444.5,436.0,436.0,-5.0,4841,457.7167,,-4.1971,-1.241,-2.9561,461.225,479.6195,442.8305,485.751,436.699
2024-03-14,2357,3626786,1569050650,435.0,436.5,428.0,433.5,-2.5,4918,456.85,,-5.4427,-2.0813,-3.3613,460.3,480.7274,439.8726,487.5366,433.0634
2024-03-15,2357,7119210,3057809787,428.0,434.5,428.0,429.0,-4.5,4517,455.9333,,-6.7155,-3.0081,-3.7073,458.55,481.4503,435.6497,489.0837,428.0163
2024-03-18,2357,11785477,4818359509,429.0,433.5,401.0,408.5,-20.5,17289,454.3833,,-9.2715,-4.2608,-5.0107,455.0,482.189,427.811,491.252,418.748
2024-03-19,2357,6509854,2670040219,406.5,415.0,405.0,407.5,-1.0,7159,452.7,,-11.2482,-5.6583,-5.5899,451.5,481.7897,421.2103,491.8863,411.1137
2024-03-20,2357,4446036,1846821015,409.0,419.5,409.0,414.0,6.5,6110,451.8667,,-12.1502,-6.9567,-5.1935,448.55,480.3092,416.7908,490.8956,406.2044
2024-03-21,2357,4526897,1887923737,414.5,422.0,411.5,420.0,6.0,5325,451.0667,,-12.2397,-8.0133,-4.2265,446.1,478.3712,413.8288,489.1283,403.0717
2024-03-22,2357,5535087,2355887905,424.0,436.5,420.5,421.5,1.5,6635,450.2,,-12.0508,-8.8208,-3.23,443.725,475.9373,411.5127,486.6748,400.7752
2024-03-25,2357,2245563,951527492,421.5,426.5,419.5,423.5,2.0,2974,449.4667,,-11.6059,-9.3778,-2.2281,441.2,472.2231,410.1769,482.5641,399.8359
2024-03-26,2357,3445234,1446733200,421.0,426.0,416.5,417.0,-6.5,4292,448.4667,,-11.6435,-9.8309,-1.8126,438.525,468.7438,408.3062,478.8167,398.2333
2024-03-27,2357,2633128,1114916219,418.0,427.5,416.5,424.5,7.5,3185,447.45,,-10.9421,-10.0532,-0.8889,437.025,467.0403,407.0097,477.0454,397.0046
2024-03-28,2357,3472528,1471354395,423.0,430.0,418.5,423.5,-1.0,3653,446.5,,-10.3476,-10.1121,-0.2355,435.45,465.0885,405.8115,474.968,395.932
2024-03-29,2357,2370306,1014140117,423.5,429.5,423.0,429.5,6.0,2644,445.35,,-9.2853,-9.9467,0.6614,434.075,462.7658,405.3842,472.3294,395.8206
2024-04-01,2357,2091878,891190360,431.5,432.0,423.0,423.0,-6.5,2748,443.4667,,-8.8656,-9.7305,0.8648,432.375,460.0987,404.6513,469.34,395.41
2024-04-02,2357,2355016,997593338,423.5,427.0,421.5,423.0,0.0,2946,441.65,,-8.4359,-9.4716,1.0357,430.225,455.4078,405.0422,463.8021,396.6479
2024-04-03,2357,2543648,1075384921,420.5,425.5,419.5,422.5,-0.5,2353,439.9667,,-8.0429,-9.1858,1.1429,427.8,448.5467,407.0533,455.4622,400.1378
2024-04-08,2357,1790896,760536608,420.5,427.0,420.0,426.0,3.5,2385,438.5333,,-7.3641,-8.8215,1.4573,426.0,442.8708,409.1292,448.4944,403.5056
2024-04-09,2357,2144933,910793983,423.5,426.5,422.5,425.0,-1.0,2649,437.0667,,-6.8282,-8.4228,1.5946,424.625,438.6644,410.5856,443.3442,405.9058
2024-04-10,2357,4973627,2188404469,433.0,446.5,433.0,435.0,10.0,6190,435.7667,,-5.5328,-7.8448,2.312,424.175,437.017,411.333,441.2977,407.0523
2024-04-11,2357,6292866,2799884535,438.0,455.0,429.5,453.5,18.5,7765,435.2,,-2.979,-6.8717,3.8926,424.8,440.0416,409.5584,445.1221,404.4779
2024-04-12,2357,4649675,2069924815,448.0,448.5,442.5,443.5,-10.0,5686,434.8333,,-1.742,-5.8457,4.1038,425.175,441.2539,409.0961,446.6135,403.7365
2024-04-15,2357,2358397,1041307662,440.0,446.0,438.5,440.5,-3.0,3042,434.35,,-0.9922,-4.875,3.8828,425.525,442.1937,408.8563,447.7499,403.3001
2024-04-16,2357,4138618,1772897085,436.0,437.0,425.0,425.5,-15.0,7499,433.3,,-1.5901,-4.218,2.6279,425.35,441.9735,408.7265,447.5147,403.1853
2024-04-17,2357,2931144,1256217929,429.5,431.5,425.5,428.5,3.0,3208,432.35,,-1.8011,-3.7347,1.9336,426.35,441.8911,410.8089,447.0715,405.6285
2024-04-18,2357,3145285,1344155205,425.5,430.0,423.5,427.0,-1.5,2704,431.05,,-2.0655,-3.4008,1.3353,427.325,441.3694,413.2806,446.0509,408.5991
2024-04-19,2357,4740351,1969326799,422.5,425.0,407.0,413.5,-13.5,5701,429.1333,,-3.3261,-3.3859,0.0598,427.3,441.4015,413.1985,446.102,408.498
2024-04-22,2357,2220515,919683205,415.5,419.5,411.5,413.5,0.0,2511,427.5167,,-4.2758,-3.5639,-0.7119,426.975,441.6326,412.3174,446.5184,407.4316
2024-04-23,2357,2864147,1175814598,415.0,418.5,406.5,409.5,-4.0,3687,426.0833,,-5.2903,-3.9092,-1.3811,426.375,442.0786,410.6714,447.3132,405.4368
2024-04-24,2357,2219187,930191644,415.5,422.0,414.0,420.5,11.0,2489,425.3,,-5.1473,-4.1568,-0.9905,426.225,442.0256,410.4244,447.2925,405.1575
2024-04-25,2357,2324837,960056531,413.5,415.5,410.0,412.0,-8.5,2590,424.3333,,-5.6546,-4.4564,-1.1983,425.975,442.2045,409.7455,447.6143,404.3357
2024-04-26,2357,2391393,1003751326,412.5,422.5,412.5,419.0,7.0,2629,423.7667,,-5.4293,-4.6509,-0.7784,425.7,442.0927,409.3073,447.557,403.843
2024-04-29,2357,1967981,836783833,420.5,426.5,420.5,426.0,7.0,2378,423.5167,,-4.6325,-4.6473,0.0148,425.825,442.1994,409.4506,447.6576,403.9924
2024-04-30,2357,2435305,1050488135,425.0,434.5,425.0,430.0,4.0,2715,423.55,,-3.6363,-4.4451,0.8087,425.85,442.2386,409.4614,447.7014,403.9986
2024-05-02,2357,2850793,1222263831,427.0,432.0,426.5,427.5,-2.5,2925,424.1833,,-3.0139,-4.1588,1.145,426.075,442.4404,409.7096,447.8955,404.2545
2024-05-03,2357,2285854,985107786,431.5,435.0,428.5,429.0,1.5,2559,424.9,,-2.3721,-3.8015,1.4293,426.375,442.7306,410.0194,448.1825,404.5675
2024-05-06,2357,4435448,1965992782,433.5,451.5,433.0,448.5,19.5,5833,426.05,,-0.2868,-3.0986,2.8118,427.675,445.555,409.795,451.515,403.835
2024-05-07,2357,7667172,3530137399,452.5,466.0,451.5,460.0,11.5,8676,427.3833,,2.2677,-2.0253,4.293,429.375,450.2617,408.4883,457.224,401.526
2024-05-08,2357,5157165,2356869737,456.0,461.5,452.5,458.5,-1.5,4606,428.6167,,4.1235,-0.7955,4.9191,431.05,454.0238,408.0762,461.6818,400.4182
2024-05-09,2357,8520377,4056874325,460.5,483.0,460.0,475.0,16.5,10778,430.3333,,6.8468,0.7329,6.1139,433.05,460.3487,405.7513,469.4482,396.6518
2024-05-10,2357,4807279,2250958557,473.0,474.5,464.0,470.5,-4.5,7659,432.1167,,8.5434,2.295,6.2484,433.9,463.2269,404.5731,473.0026,394.7974
2024-05-13,2357,3221794,1499920845,473.0,476.0,459.0,466.0,-4.5,9306,433.5,,9.4163,3.7193,5.6971,435.025,466.1406,403.9094,476.5124,393.5376
2024-05-14,2357,22311557,11355280488,510.0,512.0,495.5,512.0,46.0,20043,436.45,,13.6625,5.7079,7.9545,438.6,479.0478,398.1522,492.5304,384.6696
2024-05-15,2357,11119531,5610290180,513.0,517.0,495.5,498.0,-14.0,19975,438.7333,,15.7167,7.7097,8.007,442.225,486.9733,397.4767,501.8894,382.5606
2024-05-16,2357,10300118,5271145358,505.0,520.0,500.0,516.0,18.0,12112,441.8333,,18.5829,9.8843,8.6986,446.6,497.3869,395.8131,514.3158,378.8842
2024-05-17,2357,6650888,3391198510,510.0,516.0,502.0,516.0,0.0,7662,444.9333,,20.6168,12.0308,8.586,451.05,506.3426,395.7574,524.7735,377.3265
2024-05-20,2357,8350700,4229913915,518.0,521.0,501.0,506.0,-10.0,8882,447.7167,,21.1776,13.8602,7.3174,455.675,512.2189,399.1311,531.0668,380.2832
2024-05-21,2357,10595451,5182909514,503.0,505.0,483.0,489.0,-17.0,13887,449.8167,448.1778,20.0195,15.092,4.9274,459.45,514.9867,403.9133,533.499,385.401
2024-05-22,2357,20479299,10602181920,499.5,535.0,493.0,522.0,33.0,19928,453.05,448.5889,21.5165,16.3769,5.1396,465.075,521.4421,408.7079,540.2312,389.9188
2024-05-23,2357,13864748,7194730610,531.0,531.0,512.0,520.0,-2.0,13727,455.8833,449.2,22.2846,17.5584,4.7261,470.05,526.9761,413.1239,545.9515,394.1485
2024-05-24,2357,10945610,5639258744,508.0,524.0,503.0,519.0,-1.0,9656,458.0667,449.9222,22.5527,18.5573,3.9954,475.4,530.6946,420.1054,549.1261,401.6739
2024-05-27,2357,14477961,7665566473,528.0,540.0,517.0,540.0,21.0,12561,461.2833,450.8778,24.1809,19.682,4.4989,481.45,537.0224,425.8776,555.5466,407.3534
2024-05-28,2357,15151879,7933543642,535.0,536.0,517.0,527.0,-13.0,15151,464.1667,451.6944,24.144,20.5744,3.5696,486.5,540.4397,432.5603,558.4195,414.5805
2024-05-29,2357,9830713,5128289191,523.0,526.0,513.0,524.0,-3.0,8203,467.45,452.4611,23.6006,21.1796,2.4209,491.2,542.6361,439.7639,559.7814,422.6186
2024-05-30,2357,11596152,5942945737,515.0,516.0,508.0,515.0,-9.0,11436,470.3333,453.0611,22.188,21.3813,0.8066,495.575,542.3393,448.8107,557.9274,433.2226
2024-05-31,2357,15312627,7838702490,517.0,517.0,507.0,513.0,-2.0,7734,473.2,453.6389,20.6688,21.2388,-0.57,499.775,540.4715,459.0785,554.037,445.513
2024-06-03,2357,7718574,3944815301,522.0,527.0,508.0,509.0,-4.0,7933,476.3833,454.3111,18.9239,20.7758,-1.8519,502.8,539.3139,466.2861,551.4852,454.1148
2024-06-04,2357,10194070,5069693776,508.0,509.0,491.5,496.0,-13.0,14319,479.1333,454.8556,16.3042,19.8815,-3.5773,504.6,537.9787,471.2213,549.105,460.095
2024-06-05,2357,6803658,3328920081,498.0,499.0,486.5,488.5,-7.5,10161,481.7667,455.3889,13.4676,18.5987,-5.1311,506.1,535.8966,476.3034,545.8288,466.3712
2024-06-06,2357,3784212,1875208510,495.0,500.0,491.5,493.0,4.5,5012,484.1833,455.9889,11.4507,17.1691,-5.7184,507.0,535.1372,478.8628,544.5163,469.4837
2024-06-07,2357,6319664,3052824376,493.0,494.0,477.0,484.0,-9.0,9925,486.5833,456.4222,9.022,15.5397,-6.5177,507.675,534.0474,481.3026,542.8382,472.5118
2024-06-11,2357,3220619,1549335334,484.0,486.0,478.0,481.5,-2.5,4879,488.6667,456.7167,6.817,13.7952,-6.9782,508.45,532.315,484.585,540.2701,476.6299
2024-06-12,2357,4399508,2110760164,480.0,484.5,477.0,480.5,-1.0,6492,490.4833,456.95,4.932,12.0225,-7.0906,506.875,532.4618,481.2882,540.9907,472.7593
2024-06-13,2357,6131878,2984713653,480.5,491.5,478.0,487.0,6.5,7196,492.3833,457.2889,3.9174,10.4015,-6.4841,506.325,532.6198,480.0302,541.3848,471.2652
2024-06-14,2357,3928697,1935731179,495.0,496.0,490.0,493.5,6.5,4638,494.5833,457.7167,3.5964,9.0405,-5.4441,505.2,531.5972,478.8028,540.3963,470.0037
2024-06-17,2357,2097741,1030325983,493.5,495.0,489.0,489.0,-4.5,3355,496.5833,458.0611,2.9449,7.8214,-4.8765,503.85,530.4914,477.2086,539.3718,468.3282
2024-06-18,2357,3628073,1797127218,492.0,497.5,490.5,496.0,7.0,4127,498.1667,458.6944,2.9593,6.8489,-3.8896,503.35,530.1067,476.5933,539.0256,467.6744
2024-06-19,2357,4302172,2161264273,498.0,508.0,495.5,502.0,6.0,5696,499.5667,459.3389,3.4156,6.1623,-2.7467,504.0,530.2821,477.7179,539.0428,468.9572
2024-06-20,2357,3407817,1743246089,505.0,516.0,504.0,512.0,10.0,5204,501.35,460.0556,4.5318,5.8362,-1.3044,503.5,529.1782,477.8218,537.7376,469.2624
2024-06-21,2357,4524601,2325359051,507.0,518.0,505.0,512.0,0.0,4481,502.5833,460.7944,5.3547,5.7399,-0.3852,503.1,528.3053,477.8947,536.707,469.493
2024-06-24,2357,3879152,1991139162,514.0,518.0,508.0,513.0,1.0,4655,504.0,461.5278,6.0182,5.7955,0.2226,502.8,527.6347,477.9653,535.9129,469.6871
2024-06-25,2357,4711311,2376846208,510.0,511.0,500.0,506.0,-7.0,7566,505.3333,462.0944,5.911,5.8186,0.0924,501.1,522.2483,479.9517,529.2978,472.9022
2024-06-26,2357,2883018,1459063471,503.0,512.0,501.0,506.0,0.0,5759,505.1333,462.6944,5.7596,5.8068,-0.0472,500.05,519.2345,480.8655,525.6294,474.4706
2024-06-27,2357,3640600,1825008187,501.0,506.0,496.0,503.0,-3.0,6262,505.3,463.1278,5.3361,5.7127,-0.3766,499.0,516.2783,481.7217,522.0377,475.9623
2024-06-28,2357,3559232,1780519869,501.0,504.0,498.0,498.0,-5.0,4077,504.7,463.3333,4.5446,5.4791,-0.9344,498.15,514.4788,481.8212,519.9218,476.3782
2024-07-01,2357,3307473,1646248774,502.0,502.0,494.5,495.5,-2.5,4472,504.0167,463.5333,3.6733,5.1179,-1.4446,497.275,512.7519,481.7981,517.9109,476.6391
2024-07-02,2357,5012690,2455753164,492.0,493.5,486.0,490.0,-5.5,6730,503.4833,463.7222,2.51,4.5963,-2.0863,496.325,511.4043,481.2457,516.4307,476.2193
2024-07-03,2357,12414859,5879387497,470.0,480.5,465.0,479.5,0.0,13066,503.1667,463.8389,0.7324,3.8236,-3.0911,495.5,511.6023,479.3977,516.9697,474.0303
2024-07-04,2357,4468597,2174067434,482.0,492.5,481.0,482.0,2.5,5217,501.8333,463.9833,-0.4692,2.965,-3.4342,495.175,511.7525,478.5975,517.2783,473.0717
2024-07-05,2357,2396974,1160456731,484.0,486.0,482.5,483.0,1.0,2932,500.6,464.0833,-1.3255,2.1069,-3.4324,494.675,511.74,477.61,517.4283,471.9217
2024-07-08,2357,1866185,904282288,484.0,488.0,480.0,486.0,3.0,2923,499.5,464.2556,-1.742,1.3371,-3.0791,494.775,511.7045,477.8455,517.3476,472.2024
2024-07-09,2357,2202067,1071171260,489.5,490.0,483.5,486.5,0.5,3096,497.7167,464.6111,-2.0086,0.668,-2.6766,495.025,511.5689,478.4811,517.0835,472.9665
2024-07-10,2357,10329536,5235094600,506.0,514.0,495.0,508.0,21.5,10468,497.0833,465.2,-0.4795,0.4385,-0.9179,496.4,512.6534,480.1466,518.0712,474.7288
2024-07-11,2357,5015992,2580404141,510.0,522.0,506.0,513.0,5.0,5790,496.7167,465.8222,1.1229,0.5754,0.5475,497.7,514.503,480.897,520.1039,475.2961
2024-07-12,2357,3343183,1707074263,517.0,517.0,507.0,509.0,-4.0,3959,496.5167,466.4,2.0464,0.8696,1.1769,498.475,515.6199,481.3301,521.3349,475.6151
2024-07-15,2357,3023368,1512263088,513.0,514.0,495.0,498.5,-10.5,7405,496.0333,466.7611,1.9091,1.0775,0.8316,498.95,515.7662,482.1338,521.3716,476.5284
2024-07-16,2357,1799516,895981734,496.0,502.0,492.5,502.0,3.5,2967,495.8,467.1056,2.0589,1.2738,0.7851,499.25,516.0619,482.4381,521.6659,476.8341
2024-07-17,2357,2383987,1180418063,500.0,502.0,491.5,493.5,-8.5,4204,495.7167,467.4556,1.4748,1.314,0.1608,498.825,515.7139,481.9361,521.3435,476.3065
2024-07-18,2357,3139221,1546825907,489.0,496.5,486.0,494.5,1.0,3691,495.9167,467.9222,1.0801,1.2672,-0.1871,497.95,514.2313,481.6687,519.6584,476.2416
2024-07-19,2357,2700742,1308848804,493.5,494.5,481.0,481.5,-13.0,5290,495.5333,468.3389,-0.2785,0.958,-1.2366,496.425,512.803,480.047,518.2624,474.5876
2024-07-22,2357,3684454,1714430276,480.0,480.5,459.5,468.0,-13.5,6174,495.0,468.6389,-2.4167,0.2831,-2.6998,494.175,512.0467,476.3033,518.0039,470.3461
2024-07-23,2357,1945840,926312967,472.0,479.0,472.0,478.5,10.5,2640,494.9,469.1111,-3.2267,-0.4189,-2.8079,492.8,510.8958,474.7042,516.9277,468.6723
2024-07-26,2357,6350126,2897116481,471.0,472.0,447.5,458.0,-20.5,10200,494.15,469.3833,-5.4599,-1.4271,-4.0329,490.4,511.2948,469.5052,518.2598,462.5402
2024-07-29,2357,3884384,1747956970,461.5,461.5,443.0,444.5,-13.5,6182,492.7333,469.5556,-8.2243,-2.7865,-5.4378,487.475,512.9116,462.0384,521.3905,453.5595
2024-07-30,2357,4274431,1878657264,444.0,447.0,433.0,447.0,2.5,6057,491.1833,469.9833,-10.097,-4.2486,-5.8484,484.925,513.4294,456.4206,522.9309,446.9191
2024-07-31,2357,4042604,1831696282,445.0,457.0,443.0,456.0,9.0,3803,490.0833,470.5222,-10.7311,-5.5451,-5.186,482.95,512.7678,453.1322,522.707,443.193
2024-08-01,2357,7362347,3562279869,470.0,492.0,469.0,492.0,36.0,8393,489.95,471.3889,-8.2339,-6.0829,-2.151,483.05,512.9312,453.1688,522.8917,443.2083
2024-08-02,2357,5405957,2584018294,478.5,487.0,468.0,472.0,-20.0,7213,488.95,471.9667,-7.779,-6.4221,-1.3569,482.675,512.7669,452.5831,522.7975,442.5525
2024-08-05,2357,5481741,2385511623,450.0,452.5,426.0,433.0,-39.0,7771,486.3167,472.0944,-10.4451,-7.2267,-3.2184,480.225,514.6266,445.8234,526.0938,434.3562
2024-08-06,2357,4956189,2161478518,454.5,454.5,422.0,435.5,2.5,6086,483.7667,472.2278,-12.2154,-8.2244,-3.9909,477.85,515.3477,440.3523,527.8469,427.8531
2024-08-07,2357,6119714,2826656663,433.5,473.5,433.0,469.5,34.0,6799,482.3167,472.8111,-10.7509,-8.7297,-2.0212,477.025,514.5064,439.5436,527.0002,427.0498
2024-08-08,2357,16971668,8554121108,509.0,513.0,494.5,502.0,32.5,16292,482.1833,473.6722,-6.8885,-8.3615,1.473,477.8,516.0971,439.5029,528.8628,426.7372
2024-08-09,2357,8598335,4352759625,509.0,511.0,497.0,505.0,3.0,8944,482.15,474.5778,-3.5445,-7.3981,3.8536,477.65,515.6792,439.6208,528.3557,426.9443
2024-08-12,2357,4870950,2439289949,507.0,512.0,496.5,499.0,-6.0,12125,482.0167,475.35,-1.3628,-6.191,4.8282,476.95,513.7068,440.1932,525.959,427.941
2024-08-13,2357,4029381,2016620425,501.0,509.0,496.0,500.0,1.0,12218,482.0833,476.2056,0.4418,-4.8645,5.3063,476.5,512.4424,440.5576,524.4232,428.5768
2024-08-14,2357,4911371,2491494589,506.0,511.0,500.0,510.0,10.0,5833,482.5667,477.1722,2.6483,-3.3619,6.0102,477.075,514.0433,440.1067,526.3661,427.7839
2024-08-15,2357,3737470,1919020107,512.0,518.0,505.0,513.0,3.0,4996,483.3333,478.1778,4.5862,-1.7723,6.3585,477.625,515.6408,439.6092,528.3128,426.9372
2024-08-16,2357,3248019,1681263803,522.0,522.0,515.0,519.0,6.0,4108,484.65,479.2111,6.5309,-0.1116,6.6426,478.9,519.0775,438.7225,532.47,425.33
2024-08-19,2357,3370248,1768956360,521.0,531.0,516.0,524.0,5.0,5111,486.05,480.3111,8.379,1.5865,6.7925,480.375,523.0497,437.7003,537.2746,423.4754
2024-08-20,2357,3585437,1871763321,523.0,525.0,518.0,519.0,-5.0,4010,487.25,481.2444,9.3325,3.1357,6.1968,482.25,526.8519,437.6481,541.7191,422.7809
2024-08-21,2357,3279893,1696832462,524.0,524.0,511.0,517.0,-2.0,4816,488.2833,481.95,9.8137,4.4713,5.3424,484.7,530.4609,438.9391,545.7146,423.6854
2024-08-22,2357,1466783,757364210,518.0,520.0,513.0,518.0,1.0,2040,489.3333,482.7778,10.1586,5.6088,4.5499,486.675,533.7025,439.6475,549.3784,423.9716
2024-08-23,2357,1737837,893779581,512.0,519.0,508.0,519.0,1.0,4347,489.7,483.65,10.3929,6.5656,3.8273,489.725,536.7986,442.6514,552.4898,426.9602
2024-08-26,2357,11699503,6439058612,539.0,564.0,530.0,546.0,27.0,15582,490.8,484.9889,12.6118,7.7748,4.837,494.8,542.6303,446.9697,558.5738,431.0262
2024-08-27,2357,6361832,3529728526,542.0,562.0,542.0,554.0,8.0,8560,492.3,486.3833,14.8447,9.1888,5.6559,500.15,548.7751,451.5249,564.9835,435.3165
2024-08-28,2357,2395345,1316155946,555.0,556.0,543.0,552.0,-2.0,5865,494.0833,487.7722,16.2655,10.6041,5.6613,504.95,553.9129,455.9871,570.2339,439.6661
2024-08-29,2357,3489385,1911461190,542.0,552.0,540.0,548.0,-4.0,3659,495.6167,489.2667,16.8741,11.8581,5.016,507.75,558.5281,456.9719,575.4541,440.0459
2024-08-30,2357,4109800,2227667891,547.0,556.0,537.0,537.0,-11.0,11254,497.0667,490.6389,16.2812,12.7428,3.5385,511.0,561.0336,460.9664,577.7115,444.2885
2024-09-02,2357,4860655,2691112880,547.0,562.0,542.0,556.0,19.0,6037,499.1167,492.2667,17.1468,13.6236,3.5232,517.15,561.1172,473.1828,575.7729,458.5271
2024-09-03,2357,1844059,1018874276,553.0,557.0,550.0,550.0,-6.0,2580,501.4,493.7056,17.1509,14.329,2.8219,522.875,557.4263,488.3237,568.9435,476.8065
2024-09-04,2357,4466195,2359653716,522.0,537.0,512.0,528.0,-22.0,20425,503.4,494.9944,15.2037,14.504,0.6998,525.8,554.7702,496.8298,564.427,487.173
2024-09-05,2357,2633165,1384308848,530.0,535.0,520.0,521.0,-7.0,5016,504.8167,496.1278,12.9465,14.1925,-1.246,526.75,554.549,498.951,563.8154,489.6846
2024-09-06,2357,2425780,1277261067,522.0,536.0,516.0,527.0,6.0,2766,507.1167,497.25,11.5091,13.6558,-2.1467,527.85,554.569,501.131,563.4754,492.2246
2024-09-09,2357,3577884,1888152925,520.0,534.0,518.0,533.0,6.0,3634,510.0667,498.3944,10.7304,13.0707,-2.3403,529.55,554.2813,504.8187,562.5251,496.5749
2024-09-10,2357,3541178,1875661298,536.0,539.0,522.0,527.0,-6.0,3525,512.7333,499.5,9.5194,12.3605,-2.8411,530.9,553.3652,508.4348,560.8536,500.9464
2024-09-11,2357,2104309,1104214787,526.0,530.0,520.0,523.0,-4.0,2455,514.9667,500.5444,8.143,11.517,-3.374,531.55,552.9824,510.1176,560.1266,502.9734
2024-09-12,2357,3276181,1763816398,535.0,543.0,530.0,539.0,16.0,3998,516.5333,501.55,8.2482,10.8632,-2.615,532.85,553.3724,512.3276,560.2132,505.4868
2024-09-13,2357,1939960,1047246778,537.0,543.0,533.0,543.0,4.0,2386,518.9,502.4722,8.5557,10.4017,-1.846,534.05,554.2303,513.8697,560.9571,507.1429
2024-09-16,2357,1210530,655199009,541.0,546.0,538.0,544.0,1.0,1737,522.6,503.4222,8.7789,10.0772,-1.2982,535.05,555.1656,514.9344,561.8708,508.2292
2024-09-18,2357,2731380,1495381376,541.0,551.0,541.0,547.0,3.0,3485,526.3167,504.2222,9.0931,9.8803,-0.7873,536.45,556.1071,516.7929,562.6595,510.2405
2024-09-19,2357,5495838,3095448054,555.0,569.0,551.0,569.0,22.0,8521,529.6333,505.3167,10.9906,10.1024,0.8882,539.05,560.2882,517.8118,567.3676,510.7324
2024-09-20,2357,8932833,5274740672,572.0,598.0,572.0,591.0,22.0,9645,532.6,506.7056,14.1069,10.9033,3.2036,542.7,568.9036,516.4964,577.6381,507.7619
2024-09-23,2357,4691379,2748410999,588.0,592.0,581.0,589.0,-2.0,5191,535.4,507.5611,16.2282,11.9683,4.2599,546.2,575.2682,517.1318,584.9575,507.4425
2024-09-24,2357,3421978,2019458469,590.0,596.0,580.0,594.0,5.0,4319,538.5667,508.6278,18.1041,13.1955,4.9087,548.6,581.7946,515.4054,592.8595,504.3405
2024-09-25,2357,4513835,2649351017,597.0,598.0,582.0,586.0,-8.0,5441,541.4333,509.4056,18.7294,14.3022,4.4271,550.2,585.6684,514.7316,597.4913,502.9087
2024-09-26,2357,4383756,2531579069,583.0,589.0,572.0,575.0,-11.0,6140,543.6,510.0611,18.1283,15.0675,3.0608,551.35,587.7825,514.9175,599.9267,502.7733
2024-09-27,2357,3099582,1770156185,578.0,583.0,567.0,568.0,-7.0,4930,545.4333,510.75,16.8924,15.4324,1.4599,552.35,589.1801,515.5199,601.4569,503.2431
2024-09-30,2357,4070069,2276121452,565.0,571.0,553.0,553.0,-15.0,4965,546.5667,511.4611,14.535,15.2529,-0.718,553.15,589.5793,516.7207,601.7224,504.5776
2024-10-01,2357,3374205,1908465345,555.0,577.0,553.0,572.0,19.0,3922,548.1667,512.0167,14.038,15.01,-0.9719,553.95,590.9188,516.9812,603.2417,504.6583
2024-10-04,2357,3834240,2159241105,568.0,571.0,559.0,562.0,-10.0,4384,549.6,512.4833,12.691,14.5462,-1.8552,554.55,591.586,517.514,603.9313,505.1687
2024-10-07,2357,4229003,2446146267,570.0,584.0,569.0,579.0,17.0,4756,551.6667,513.15,12.8471,14.2064,-1.3592,557.1,593.7549,520.4451,605.9732,508.2268
2024-10-08,2357,2829927,1628896721,572.0,582.0,568.0,577.0,-2.0,2912,553.6333,513.5611,12.6635,13.8978,-1.2343,559.9,594.7939,525.0061,606.4251,513.3749
2024-10-09,2357,2298168,1333517362,579.0,586.0,577.0,577.0,0.0,2750,555.5667,514.1167,12.3753,13.5933,-1.218,562.4,595.705,529.095,606.8067,517.9933
2024-10-11,2357,2591820,1522072443,591.0,592.0,580.0,585.0,8.0,3722,556.8667,514.7944,12.6467,13.404,-0.7573,565.0,597.4244,532.5756,608.2325,521.7675
2024-10-14,2357,2012077,1177898688,581.0,591.0,577.0,583.0,-2.0,3513,557.8333,515.55,12.5556,13.2343,-0.6787,567.8,597.8024,537.7976,607.8032,527.7968
2024-10-15,2357,5063568,3027502809,586.0,607.0,586.0,599.0,16.0,6813,559.4,516.5056,13.6175,13.3109,0.3066,571.6,598.868,544.332,607.9573,535.2427
2024-10-16,2357,2628770,1555238360,590.0,597.0,587.0,591.0,-8.0,3619,560.8333,517.4167,13.6562,13.38,0.2762,574.2,599.6214,548.7786,608.0952,540.3048
2024-10-17,2357,1968943,1174443408,597.0,602.0,591.0,596.0,5.0,4264,562.8,518.5278,13.9297,13.4899,0.4397,576.85,600.7376,552.9624,608.7001,544.9999
2024-10-18,2357,5108185,3087058588,602.0,613.0,596.0,596.0,0.0,6439,564.1333,519.7222,13.9852,13.589,0.3962,579.45,601.1351,557.7649,608.3635,550.5365
2024-10-21,2357,3717952,2211070360,609.0,610.0,586.0,590.0,-6.0,8572,565.4667,520.8,13.3907,13.5493,-0.1586,581.6,600.2488,562.9512,606.4651,556.7349
2024-10-22,2357,3876793,2313547168,590.0,602.0,586.0,600.0,10.0,3581,567.8667,522.0889,13.5701,13.5535,0.0166,583.15,602.2126,564.0874,608.5667,557.7333
2024-10-23,2357,2622732,1551490635,595.0,598.0,588.0,591.0,-9.0,3212,570.2,523.3056,12.838,13.4104,-0.5724,583.15,602.2126,564.0874,608.5667,557.7333
2024-10-24,2357,2102382,1234183301,589.0,592.0,584.0,584.0,-7.0,2859,572.1,524.4556,11.5597,13.0403,-1.4805,582.9,601.8543,563.9457,608.1724,557.6276
2024-10-25,2357,1732140,1024975188,590.0,594.0,587.0,591.0,7.0,2052,574.0333,525.6111,10.9849,12.6292,-1.6443,582.75,601.5221,563.9779,607.7795,557.7205
2024-10-28,2357,1663578,989944589,596.0,598.0,591.0,595.0,4.0,2203,576.3,526.7389,10.7284,12.249,-1.5206,583.2,602.3946,564.0054,608.7928,557.6072
2024-10-29,2357,2398655,1398031273,592.0,594.0,577.0,584.0,-11.0,4513,578.3333,527.7944,9.5278,11.7048,-2.177,583.65,602.6254,564.6746,608.9505,558.3495
2024-10-30,2357,3461466,2000012242,587.0,588.0,575.0,575.0,-9.0,4289,579.5333,528.6722,7.7605,10.9159,-3.1554,584.0,602.4291,565.5709,608.5721,559.4279
2024-11-01,2357,2981754,1713555655,553.0,584.0,552.0,583.0,8.0,3158,580.8667,529.5722,6.9257,10.1179,-3.1922,585.5,600.3532,570.6468,605.3043,565.6957
2024-11-04,2357,2400127,1419834409,580.0,597.0,580.0,596.0,13.0,3310,582.6,530.5056,7.2297,9.5402,-2.3105,586.7,601.1458,572.2542,605.9611,567.4389
2024-11-05,2357,2327460,1386079100,595.0,600.0,592.0,596.0,0.0,2520,584.2333,531.4389,7.3855,9.1093,-1.7238,588.4,600.225,576.575,604.1667,572.6333
2024-11-06,2357,3739105,2258860376,596.0,608.0,595.0,606.0,10.0,4729,585.4667,532.4722,8.2211,8.9317,-0.7105,589.75,602.4675,577.0325,606.7066,572.7934
2024-11-07,2357,3259726,1991658879,602.0,616.0,601.0,607.0,1.0,4574,586.0,533.5944,8.8619,8.9177,-0.0558,591.25,604.3798,578.1202,608.7564,573.7436
2024-11-08,2357,4342861,2699712270,610.0,627.0,610.0,621.0,14.0,6321,587.0667,534.8722,10.3798,9.2101,1.1696,593.45,608.9964,577.9036,614.1786,572.7214
2024-11-11,2357,7405526,4516728220,625.0,625.0,598.0,614.0,-7.0,8050,587.7333,536.1056,10.8923,9.5466,1.3457,594.9,611.5813,578.2187,617.1417,572.6583
2024-11-12,2357,5082315,3129791438,605.0,624.0,604.0,612.0,-2.0,5707,588.6,537.3722,11.0101,9.8393,1.1709,596.35,613.4129,579.2871,619.1006,573.5994
2024-11-13,2357,2948691,1802741374,611.0,617.0,607.0,611.0,-1.0,3373,589.8,538.6556,10.8973,10.0509,0.8464,596.95,614.6947,579.2053,620.6096,573.2904
2024-11-14,2357,6514720,4064904944,615.0,631.0,613.0,623.0,12.0,6207,591.6333,540.1333,11.6419,10.3691,1.2728,598.55,618.1709,578.9291,624.7112,572.3888
2024-11-15,2357,8728495,5393288557,625.0,646.0,604.0,607.0,-16.0,8957,593.4333,541.55,10.8162,10.4585,0.3577,599.1,618.8977,579.3023,625.497,572.703
2024-11-18,2357,11158749,6886298217,614.0,623.0,610.0,612.0,5.0,8614,594.7667,542.9944,10.445,10.4558,-0.0108,599.9,620.1238,579.6762,626.8651,572.9349
2024-11-19,2357,13122586,8265436521,619.0,642.0,617.0,622.0,10.0,10581,596.7667,544.5389,10.8328,10.5312,0.3016,601.5,622.6937,580.3063,629.7582,573.2418
2024-11-20,2357,11020116,6890423300,623.0,637.0,616.0,619.0,-3.0,10826,598.1,546.0167,10.7739,10.5797,0.1941,602.45,624.428,580.472,631.754,573.146
2024-11-21,2357,9349250,5759739417,620.0,625.0,610.0,610.0,-9.0,10990,599.2,547.3889,9.887,10.4412,-0.5542,603.4,625.1283,581.6717,632.3711,574.4289
2024-11-22,2357,10186323,6251166492,614.0,618.0,608.0,611.0,1.0,8389,600.3333,548.5333,9.1592,10.1848,-1.0256,604.75,625.4883,584.0117,632.401,577.099
2024-11-25,2357,14052208,8574296475,612.0,623.0,602.0,602.0,-9.0,9289,600.9,549.5222,7.7667,9.7012,-1.9345,605.3,625.4957,585.1043,632.2276,578.3724
2024-11-26,2357,9025998,5522249455,604.0,619.0,595.0,617.0,15.0,7859,602.0333,550.7222,7.7838,9.3177,-1.5339,606.4,626.615,586.185,633.3534,579.4466
2024-11-27,2357,7752311,4657863343,614.0,617.0,592.0,594.0,-23.0,9891,601.8667,551.7833,5.8737,8.6289,-2.7552,606.9,626.0532,587.7468,632.4376,581.3624
2024-11-28,2357,5076900,2956673222,594.0,595.0,576.0,581.0,-13.0,8025,601.5333,552.6611,3.2732,7.5578,-4.2845,607.2,625.2434,589.1566,631.2578,583.1422
2024-11-29,2357,4370258,2561007366,579.0,597.0,574.0,588.0,7.0,4265,601.2667,553.7111,1.7569,6.3976,-4.6407,607.45,624.7624,590.1376,630.5331,584.3669
2024-12-02,2357,3229794,1936159512,594.0,603.0,591.0,602.0,14.0,3588,601.4667,554.9056,1.6657,5.4512,-3.7855,607.75,624.7057,590.7943,630.3576,585.1424
2024-12-03,2357,5363294,3190374990,610.0,612.0,586.0,595.0,-7.0,7664,601.6333,556.1667,1.0169,4.5644,-3.5475,607.7,624.7409,590.6591,630.4212,584.9788
2024-12-04,2357,3122838,1870599812,594.0,603.0,592.0,601.0,6.0,3214,601.6667,557.6444,0.9756,3.8466,-2.871,607.45,624.6319,590.2681,630.3592,584.5408
2024-12-05,2357,6319368,3793330562,600.0,608.0,596.0,600.0,-1.0,3337,601.9667,558.9944,0.8523,3.2477,-2.3954,607.1,624.4631,589.7369,630.2508,583.9492
2024-12-06,2357,6125669,3663343556,600.0,606.0,591.0,598.0,-2.0,5135,602.4333,560.55,0.5865,2.7155,-2.129,605.95,622.8399,589.0601,628.4699,583.4301
2024-12-09,2357,2564371,1550387858,599.0,608.0,597.0,608.0,10.0,3161,603.0,562.3667,1.1693,2.4062,-1.237,605.65,622.3198,588.9802,627.8763,583.4237
2024-12-10,2357,2669274,1618740593,615.0,617.0,600.0,605.0,-3.0,5000,603.3333,564.1222,1.3732,2.1996,-0.8264,605.3,621.8186,588.7814,627.3249,583.2751
2024-12-11,2357,2012837,1212704788,602.0,606.0,598.0,604.0,-1.0,2262,604.0,565.7667,1.4376,2.0472,-0.6097,604.95,621.349,588.551,626.8154,583.0846
2024-12-12,2357,2206599,1339034242,608.0,610.0,603.0,608.0,4.0,2302,605.1,567.0556,1.7907,1.9959,-0.2052,604.2,619.3696,589.0304,624.4261,583.9739
2024-12-13,2357,2169318,1327512498,611.0,615.0,606.0,615.0,7.0,3118,606.1667,568.6444,2.6054,2.1178,0.4876,604.6,620.1763,589.0237,625.3684,583.8316
2024-12-16,2357,3464098,2092840578,618.0,618.0,594.0,601.0,-14.0,7221,606.3333,570.5111,2.0971,2.1137,-0.0165,604.05,619.4433,588.6567,624.5744,583.5256
2024-12-17,2357,4013509,2401123392,600.0,603.0,595.0,595.0,-6.0,3486,606.3,572.2833,1.1964,1.9302,-0.7338,602.7,616.9892,588.4108,621.7523,583.6477
2024-12-18,2357,2503570,1515544719,596.0,609.0,596.0,609.0,14.0,2517,606.4,573.8333,1.5939,1.863,-0.269,602.2,615.4976,588.9024,619.9301,584.4699
2024-12-19,2357,3686176,2200338225,598.0,602.0,586.0,602.0,-7.0,5085,606.2333,574.9444,1.3288,1.7561,-0.4274,601.8,614.8095,588.7905,619.146,584.454
2024-12-20,2357,3815400,2289518353,597.0,605.0,596.0,600.0,-2.0,3121,605.5333,576.0,0.9463,1.5942,-0.6478,601.25,613.8552,588.6448,618.057,584.443
2024-12-23,2357,4460075,2744872733,609.0,622.0,606.0,615.0,15.0,5665,605.5667,577.2889,1.8325,1.6418,0.1907,601.9,615.3243,588.4757,619.7991,584.0009
2024-12-24,2357,2763600,1702309713,615.0,620.0,610.0,615.0,0.0,3223,605.6667,578.5667,2.5059,1.8147,0.6913,601.8,614.9723,588.6277,619.3631,584.2369
2024-12-25,2357,1594368,980972076,619.0,621.0,612.0,613.0,-2.0,1696,605.7333,579.7111,2.8454,2.0208,0.8246,602.75,616.1299,589.3701,620.5899,584.9101
2024-12-26,2357,1553528,959533692,618.0,622.0,616.0,616.0,3.0,1873,605.5,580.8556,3.3183,2.2803,1.038,604.5,616.185,592.815,620.08,588.92
2024-12-27,2357,1273077,792059462,620.0,624.0,617.0,624.0,8.0,2630,606.0667,582.0222,4.2892,2.6821,1.6071,606.3,618.2019,594.3981,622.1692,590.4308
2024-12-30,2357,1209573,750754373,621.0,625.0,617.0,617.0,-7.0,1794,606.2333,583.0556,4.4425,3.0342,1.4084,607.05,619.3663,594.7337,623.4717,590.6283
2024-12-31,2357,1574080,969672909,615.0,619.0,612.0,616.0,-1.0,1968,606.0333,584.1333,4.4323,3.3138,1.1185,608.1,619.99,596.21,623.9533,592.2467
2025-01-02,2357,4495811,2756842770,616.0,635.0,602.0,605.0,-11.0,8144,605.5667,585.1111,3.4962,3.3503,0.146,608.3,619.981,596.619,623.8746,592.7254
2025-01-03,2357,4497573,2797408228,613.0,628.0,613.0,623.0,18.0,5390,606.0,586.2778,4.1589,3.512,0.6469,609.45,621.7278,597.1722,625.8204,593.0796
2025-01-06,2357,3476134,2177458532,630.0,632.0,618.0,629.0,6.0,5108,606.6,587.5,5.1094,3.8315,1.2779,611.0,624.2208,597.7792,628.6277,593.3723
2025-01-07,2357,5203328,3326172576,631.0,648.0,628.0,648.0,19.0,7670,608.1333,588.6333,7.3115,4.5275,2.784,613.0,631.0657,594.9343,637.0876,588.9124
2025-01-08,2357,4548902,2949632649,647.0,660.0,642.0,646.0,-2.0,8794,609.1,589.6556,8.7939,5.3808,3.4131,615.05,635.9736,594.1264,642.9481,587.1519
2025-01-09,2357,2735706,1752875379,645.0,648.0,633.0,633.0,-13.0,3992,610.4,590.5556,8.8181,6.0682,2.7499,616.5,637.8662,595.1338,644.9882,588.0118
2025-01-10,2357,2896922,1816479448,630.0,632.0,623.0,626.0,-7.0,4701,611.9,591.4222,8.1781,6.4902,1.6879,617.4,638.7712,596.0288,645.8949,588.9051
2025-01-13,2357,4338170,2652563748,626.0,626.0,605.0,609.0,-17.0,7700,612.6,592.2222,6.2274,6.4377,-0.2102,617.1,638.645,595.555,645.8267,588.3733
2025-01-14,2357,3020537,1838184088,608.0,611.0,605.0,608.0,-1.0,3345,612.8,592.8,4.5484,6.0598,-1.5114,617.45,638.4977,596.4023,645.5136,589.3864
2025-01-15,2357,3854848,2295624653,606.0,610.0,591.0,591.0,-17.0,7358,612.6667,593.2556,1.8249,5.2128,-3.3879,617.25,638.8388,595.6612,646.035,588.465
2025-01-16,2357,2254756,1356606319,600.0,607.0,598.0,600.0,9.0,3111,612.6333,594.0556,0.3883,4.2479,-3.8596,616.8,638.9985,594.6015,646.398,587.202
2025-01-17,2357,1739827,1044724305,601.0,605.0,596.0,600.0,0.0,2691,612.6333,594.9333,-0.7417,3.25,-3.9917,616.7,639.0659,594.3341,646.5212,586.8788
2025-01-20,2357,2032003,1237534573,602.0,613.0,601.0,610.0,10.0,2764,613.0333,595.8556,-0.8208,2.4358,-3.2567,617.2,638.924,595.476,646.1653,588.2347
2025-01-21,2357,2793852,1678403266,613.0,613.0,598.0,599.0,-11.0,4490,612.7333,596.5889,-1.751,1.5985,-3.3494,616.4,638.9625,593.8375,646.4834,586.3166
2025-01-22,2357,2319648,1408554985,602.0,613.0,602.0,607.0,8.0,2752,612.8,597.4778,-1.8216,0.9144,-2.736,616.0,638.7798,593.2202,646.3731,585.6269
2025-02-03,2357,11635099,7427954361,600.0,655.0,598.0,649.0,42.0,13637,614.3,598.8778,1.4943,1.0304,0.4639,617.8,643.0813,592.5187,651.5083,584.0917
2025-02-04,2357,6284714,4097010195,644.0,661.0,644.0,647.0,-2.0,7624,615.6,600.0778,3.9156,1.6074,2.3081,619.35,646.4432,592.2568,655.4742,583.2258
2025-02-05,2357,4855913,3179237041,645.0,661.0,643.0,657.0,10.0,5946,617.0,601.3444,6.5657,2.5991,3.9666,621.0,650.8813,591.1187,660.8418,581.1582
2025-02-06,2357,3118631,2028841895,660.0,661.0,645.0,652.0,-5.0,5023,618.7,602.5444,8.1684,3.713,4.4554,622.75,654.334,591.166,664.862,580.638
2025-02-07,2357,3711330,2446722629,649.0,665.0,649.0,665.0,13.0,6995,621.0333,603.8556,10.368,5.044,5.324,625.2,659.6866,590.7134,671.1821,579.2179
2025-02-10,2357,3337046,2238106010,660.0,675.0,659.0,669.0,4.0,4961,623.0333,604.9667,12.2922,6.4936,5.7986,628.4,665.0597,591.7403,677.2797,579.5203
2025-02-11,2357,2436795,1617463432,662.0,669.0,658.0,665.0,-4.0,4201,625.1333,605.7889,13.3406,7.863,5.4776,630.5,669.0833,591.9167,681.9444,579.0556
2025-02-12,2357,3278439,2213719622,672.0,684.0,668.0,675.0,10.0,4872,627.6333,606.7444,14.8078,9.252,5.5558,632.8,674.1567,591.4433,687.9423,577.6577
2025-02-13,2357,1775823,1205247187,680.0,685.0,674.0,679.0,4.0,2310,629.7667,607.6889,16.1076,10.6231,5.4845,634.35,678.2828,590.4172,692.9271,575.7729
2025-02-14,2357,2184999,1477226209,677.0,682.0,671.0,678.0,-1.0,2964,631.8667,608.7111,16.8626,11.871,4.9916,635.95,682.1408,589.7592,697.5377,574.3623
2025-02-17,2357,1678066,1140648355,675.0,683.0,675.0,681.0,3.0,3136,634.1333,609.8889,17.5013,12.997,4.5042,638.35,686.9221,589.7779,703.1128,573.5872
2025-02-18,2357,3881799,2694658969,685.0,702.0,682.0,698.0,17.0,5931,636.8667,611.3333,19.1583,14.2293,4.929,641.95,694.2171,589.6829,711.6395,572.2605
2025-02-19,2357,3286979,2278736524,700.0,702.0,688.0,691.0,-7.0,4477,639.1,612.8667,19.6799,15.3194,4.3605,646.05,699.4202,592.6798,717.2102,574.8898
2025-02-20,2357,3057613,2134336315,689.0,704.0,689.0,693.0,2.0,4209,641.6333,614.2111,20.0238,16.2603,3.7635,650.3,704.1069,596.4931,722.0425,578.5575
2025-02-21,2357,3827018,2709810635,697.0,713.0,696.0,709.0,16.0,5617,644.7333,615.8444,21.3414,17.2765,4.0649,656.2,709.1561,603.2439,726.8082,585.5918
2025-02-24,2357,1955660,1370360404,707.0,715.0,696.0,698.0,-11.0,4276,647.8333,617.1667,21.253,18.0718,3.1812,661.1,711.8974,610.3026,728.8298,593.3702
2025-02-25,2357,3334093,2314244602,693.0,704.0,685.0,691.0,-7.0,4769,650.1,618.4333,20.3831,18.5341,1.8491,665.65,712.5021,618.7979,728.1194,603.1806
2025-02-26,2357,3080403,2127668477,690.0,700.0,685.0,698.0,7.0,3944,652.4,619.7778,20.0277,18.8328,1.1949,670.05,713.713,626.387,728.2673,611.8327
2025-02-27,2357,4742280,3240969074,697.0,697.0,677.0,682.0,-16.0,7313,653.5333,620.8556,18.2447,18.7152,-0.4705,674.2,710.0437,638.3563,721.9917,626.4083
2025-03-03,2357,3410924,2286455238,670.0,683.0,666.0,669.0,-13.0,5804,654.3,621.8111,15.6028,18.0927,-2.4899,677.3,704.3267,650.2733,713.3357,641.2643
2025-03-04,2357,3559707,2371153088,661.0,673.0,657.0,670.0,1.0,4664,655.5333,622.6,13.4348,17.1611,-3.7263,678.35,703.6344,653.0656,712.0626,644.6374
2025-03-05,2357,2094557,1419864237,672.0,682.0,671.0,678.0,8.0,2330,657.2667,623.5667,12.2214,16.1732,-3.9518,679.9,702.6429,657.1571,710.2239,649.5761
2025-03-06,2357,1728589,1172702569,676.0,684.0,674.0,674.0,-4.0,2564,659.4333,624.4333,10.8124,15.101,-4.2887,680.75,702.1404,659.3596,709.2705,652.2295
2025-03-07,2357,2634444,1746229284,670.0,675.0,659.0,659.0,-15.0,4899,661.1333,625.1333,8.3886,13.7585,-5.3699,681.1,701.4813,660.7187,708.2751,653.9249
2025-03-10,2357,3187193,2089408099,658.0,664.0,651.0,654.0,-5.0,4302,663.2333,625.8444,5.9952,12.2059,-6.2107,680.55,702.2515,658.8485,709.4853,651.6147
2025-03-11,2357,3507701,2287336737,644.0,661.0,639.0,654.0,0.0,4573,665.0333,626.4444,4.0517,10.575,-6.5234,679.8,702.9797,656.6203,710.7063,648.8937
2025-03-12,2357,20311828,12240601851,600.0,621.0,595.0,600.0,-54.0,33813,665.0333,626.5444,-1.8249,8.095,-9.9199,676.55,711.7701,641.3299,723.5101,629.5899
2025-03-13,2357,7839959,4826820569,611.0,627.0,607.0,608.0,8.0,11316,664.9667,626.8111,-5.7701,5.322,-11.0921,673.2,715.2721,631.1279,729.2962,617.1038
2025-03-14,2357,3937221,2396704990,614.0,614.0,605.0,608.0,0.0,5734,665.2667,627.0,-8.7952,2.4986,-11.2938,669.65,716.9749,622.3251,732.7498,606.5502
2025-03-17,2357,4541832,2824961897,613.0,626.0,610.0,624.0,16.0,5912,665.8333,627.3222,-9.7888,0.0411,-9.8299,666.95,716.5575,617.3425,733.0933,600.8067
2025-03-18,2357,8650508,5613776096,630.0,656.0,630.0,656.0,32.0,9738,666.0667,628.1222,-7.903,-1.5477,-6.3553,665.7,715.1775,616.2225,731.67,599.73
2025-03-19,2357,4413773,2860867907,650.0,655.0,644.0,645.0,-11.0,5456,666.0,628.9,-7.2129,-2.6808,-4.5322,663.05,711.6153,614.4847,727.8037,598.2963
2025-03-20,2357,4837945,3151526764,650.0,660.0,646.0,650.0,5.0,6756,665.7667,629.6444,-6.1912,-3.3829,-2.8084,661.0,708.7105,613.2895,724.614,597.386
2025-03-21,2357,5633984,3665604696,650.0,654.0,643.0,650.0,0.0,4614,665.7,630.2444,-5.3202,-3.7703,-1.5499,658.85,705.3087,612.3913,720.7949,596.9051
2025-03-24,2357,3318132,2120198373,655.0,655.0,631.0,631.0,-19.0,12866,664.5667,630.6333,-6.0928,-4.2348,-1.858,654.95,698.7267,611.1733,713.319,596.581
2025-03-25,2357,4648788,2930543494,637.0,641.0,625.0,631.0,0.0,5468,663.3,630.9111,-6.6287,-4.7136,-1.9151,651.6,693.2927,609.9073,707.1902,596.0098
2025-03-26,2357,6253453,4070004746,660.0,662.0,643.0,645.0,14.0,6759,662.6333,631.3333,-5.8562,-4.9421,-0.9141,649.3,688.6329,609.9671,701.7439,596.8561
2025-03-27,2357,4738777,3013925156,633.0,644.0,628.0,640.0,-5.0,5795,661.4667,631.5444,-5.5831,-5.0703,-0.5128,646.4,681.8477,610.9523,693.6637,599.1363
2025-03-28,2357,3059808,1958577243,635.0,645.0,634.0,642.0,2.0,4007,660.2333,631.8556,-5.1459,-5.0854,-0.0605,644.4,677.5554,611.2446,688.6072,600.1928
2025-03-31,2357,6191256,3834534806,629.0,635.0,609.0,609.0,-33.0,8114,657.9333,631.8222,-7.3773,-5.5438,-1.8335,641.4,675.3809,607.4191,686.7078,596.0922
2025-04-01,2357,3738251,2283276784,613.0,616.0,604.0,613.0,4.0,5081,655.6667,631.8444,-8.7223,-6.1795,-2.5428,638.55,672.2266,604.8734,683.4521,593.6479
2025-04-02,2357,3725302,2260593655,608.0,611.0,604.0,604.0,-9.0,5999,652.5333,631.6333,-10.3947,-7.0225,-3.3721,634.85,667.3884,602.3116,678.2346,591.4654
2025-04-07,2357,815639,443707616,544.0,544.0,544.0,544.0,-60.0,2971,647.6333,630.9333,-16.3728,-8.8926,-7.4802,628.35,670.2378,586.4622,684.2005,572.4995
2025-04-08,2357,4144232,2030690661,490.0,490.0,490.0,490.0,-54.0,7506,640.8667,629.5778,-25.1776,-12.1496,-13.028,619.9,681.0629,558.7371,701.4505,538.3495
2025-04-09,2357,12938639,5871251075,451.0,476.0,441.0,441.0,-49.0,16741,631.9333,627.5667,-35.6979,-16.8593,-18.8386,609.25,693.6577,524.8423,721.7936,496.7064
2025-04-10,2357,2880247,1396919795,485.0,485.0,485.0,485.0,44.0,1859,624.8333,626.0778,-40.0235,-21.4921,-18.5314,600.8,693.2478,508.3522,724.0637,477.5363
2025-04-11,2357,10185692,5049455104,473.0,512.0,467.5,512.0,27.0,20457,618.8667,624.9889,-40.8025,-25.3542,-15.4483,596.4,693.5312,499.2688,725.9082,466.8918
2025-04-14,2357,7590534,4129770685,526.0,555.0,526.0,542.0,30.0,9403,613.6667,624.2222,-38.5547,-27.9943,-10.5604,593.1,691.8076,494.3924,724.7101,461.4899
2025-04-15,2357,5384662,3015759063,541.0,572.0,535.0,563.0,21.0,6487,609.7,623.7889,-34.6791,-29.3312,-5.3478,590.85,689.9065,491.7935,722.9254,458.7746
2025-04-16,2357,4461233,2486581442,557.0,566.0,551.0,553.0,-10.0,5557,605.8333,623.0778,-32.0451,-29.874,-2.1711,587.3,686.4053,488.1947,719.4404,455.1596
2025-04-17,2357,4370989,2371009562,546.0,549.0,537.0,543.0,-10.0,5196,601.6,622.5111,-30.414,-29.982,-0.432,581.65,678.7054,484.5946,711.0572,452.2428
2025-04-18,2357,3422731,1870569843,546.0,551.0,542.0,543.0,0.0,3033,597.1,622.0889,-28.7894,-29.7435,0.9541,576.55,671.733,481.367,703.4606,449.6394
2025-04-21,2357,2873006,1538953274,539.0,544.0,531.0,531.0,-12.0,3742,592.3333,621.4556,-28.1458,-29.424,1.2781,570.6,663.2433,477.9567,694.1244,447.0756
2025-04-22,2357,4975460,2573666617,521.0,528.0,509.0,512.0,-19.0,9700,587.4333,620.4556,-28.8365,-29.3065,0.47,563.7,653.8671,473.5329,683.9228,443.4772
2025-04-23,2357,3789259,2041785811,527.0,544.0,527.0,543.0,31.0,4173,583.7333,619.8778,-26.576,-28.7604,2.1843,559.3,646.4701,472.1299,675.5268,443.0732
2025-04-24,2357,5663251,3060335709,534.0,546.0,528.0,544.0,1.0,3486,580.0667,619.2444,-24.4224,-27.8928,3.4704,554.95,638.453,471.447,666.2873,443.6127
2025-04-25,2357,7551952,4381769414,555.0,597.0,555.0,591.0,47.0,10550,579.7667,619.1444,-18.7075,-26.0557,7.3482,552.25,630.6662,473.8338,656.8049,447.6951
2025-04-28,2357,3437108,2011027725,586.0,590.0,581.0,583.0,-8.0,4480,578.9333,618.9778,-14.655,-23.7756,9.1206,549.4,622.4068,476.3932,646.7424,452.0576
2025-04-29,2357,2285088,1335089421,583.0,587.0,580.0,586.0,3.0,2724,578.2,618.7333,-11.0736,-21.2352,10.1616,546.6,613.3429,479.8571,635.5906,457.6094
2025-04-30,2357,2198975,1277100757,584.0,587.0,576.0,580.0,-6.0,2798,576.7333,618.4556,-8.6201,-18.7122,10.092,545.15,609.3422,480.9578,630.7397,459.5603
2025-05-02,2357,1928376,1132736865,587.0,590.0,584.0,590.0,10.0,2691,574.5333,618.3,-5.8019,-16.1301,10.3282,544.0,605.7297,482.2703,626.3062,461.6938
2025-05-05,2357,4679406,2677892655,591.0,592.0,559.0,575.0,-15.0,9638,572.2,617.9333,-4.7244,-13.849,9.1246,542.55,601.6521,483.4479,621.3528,463.7472
2025-05-06,2357,3129203,1833371991,573.0,592.0,572.0,587.0,12.0,4028,570.1,617.6222,-2.8691,-11.653,8.7839,544.7,605.6577,483.7423,625.9769,463.4231
2025-05-07,2357,2398505,1423815666,590.0,600.0,587.0,594.0,7.0,3157,568.2333,617.5444,-0.8244,-9.4873,8.6629,549.9,609.7773,490.0227,629.7364,470.0636
2025-05-08,2357,1801985,1072732407,596.0,598.0,592.0,594.0,0.0,2235,567.0,617.5333,0.787,-7.4324,8.2194,557.55,605.2219,509.8781,621.1126,493.9874
2025-05-09,2357,2202185,1318395334,594.0,602.0,591.0,602.0,8.0,2663,566.0333,617.4556,2.6787,-5.4102,8.0889,563.4,605.8526,520.9474,620.0035,506.7965
2025-05-12,2357,2222051,1350789716,605.0,614.0,603.0,603.0,1.0,3458,564.6333,617.4667,4.21,-3.4862,7.6962,567.95,608.2741,527.6259,621.7155,514.1845
2025-05-13,2357,3413336,2072853563,610.0,613.0,602.0,608.0,5.0,3570,563.5667,617.5556,5.7606,-1.6368,7.3974,571.25,612.6075,529.8925,626.3934,516.1066
2025-05-14,2357,6443330,4011143357,615.0,635.0,610.0,622.0,14.0,8295,562.9,617.6333,8.0267,0.2959,7.7308,574.2,618.7732,529.6268,633.631,514.769
2025-05-15,2357,3009704,1880795401,622.0,628.0,618.0,628.0,6.0,3588,563.5333,617.7778,10.1892,2.2746,7.9147,577.95,625.3104,530.5896,641.0972,514.8028
2025-05-16,2357,3454358,2187754037,628.0,638.0,622.0,634.0,6.0,4452,564.2333,618.0111,12.2461,4.2689,7.9772,582.5,631.7073,533.2927,648.1097,516.8903
2025-05-19,2357,3124646,1964612250,631.0,636.0,621.0,621.0,-13.0,4273,564.8,618.0667,12.681,5.9513,6.7297,586.4,635.1452,537.6548,651.3936,521.4064
2025-05-20,2357,3019832,1906182912,629.0,637.0,626.0,632.0,11.0,3521,567.7333,618.1556,13.7547,7.512,6.2427,591.45,638.338,544.562,653.9673,528.9327
2025-05-21,2357,2803334,1762698913,633.0,635.0,625.0,628.0,-4.0,5901,572.3333,618.2778,14.12,8.8336,5.2865,597.25,636.3588,558.1412,649.395,545.105
2025-05-22,2357,2154818,1354928006,626.0,632.0,622.0,632.0,4.0,2502,578.7,618.4556,14.5645,9.9798,4.5847,601.7,637.4362,565.9638,649.3483,554.0517
2025-05-23,2357,1802617,1126348791,632.0,632.0,622.0,622.0,-10.0,2673,583.2667,618.6444,13.949,10.7736,3.1754,605.6,635.5265,575.6735,645.502,565.698
2025-05-26,2357,2803396,1745186205,622.0,627.0,618.0,627.0,5.0,3385,587.1,618.6889,13.7067,11.3602,2.3465,607.4,637.6805,577.1195,647.774,567.026
2025-05-27,2357,4965646,3042851656,623.0,627.0,608.0,608.0,-19.0,8194,589.3,618.4556,11.8449,11.4572,0.3878,608.65,637.6801,579.6199,647.3569,569.9431
2025-05-28,2357,4597400,2833466957,618.0,622.0,610.0,619.0,11.0,4535,591.1667,618.1333,11.1288,11.3915,-0.2627,610.3,638.3755,582.2245,647.734,572.866
2025-05-29,2357,7501028,4680625451,625.0,630.0,614.0,625.0,6.0,4847,593.5667,617.9,10.9196,11.2971,-0.3775,612.55,638.877,586.223,647.6527,577.4473
2025-06-02,2357,3137153,1952538304,619.0,628.0,616.0,622.0,-3.0,3325,596.2,617.7778,10.3919,11.1161,-0.7242,614.15,639.3969,588.9031,647.8126,580.4874
2025-06-03,2357,4210170,2672243170,627.0,638.0,626.0,638.0,16.0,4230,599.3667,617.9111,11.1364,11.1201,0.0163,617.3,639.6553,594.9447,647.1071,587.4929
2025-06-04,2357,5522129,3523967724,645.0,652.0,628.0,638.0,0.0,8505,602.9333,618.2333,11.5928,11.2147,0.3781,619.85,640.499,599.201,647.382,592.318
2025-06-05,2357,3025104,1926741545,635.0,642.0,629.0,642.0,4.0,3418,607.2667,618.6111,12.1373,11.3992,0.7381,622.25,642.0416,602.4584,648.6388,595.8612
2025-06-06,2357,2726387,1753949853,645.0,651.0,639.0,645.0,3.0,3105,610.6667,619.2111,12.6649,11.6523,1.0126,624.8,643.3227,606.2773,649.4969,600.1031
2025-06-09,2357,2335768,1512762871,645.0,652.0,644.0,646.0,1.0,2975,614.0667,619.7222,13.0138,11.9246,1.0891,627.0,644.9803,609.0197,650.9737,603.0263
2025-06-10,2357,3032584,1997413760,653.0,664.0,653.0,659.0,13.0,4796,616.3333,620.3778,14.1758,12.3749,1.8009,629.8,648.7149,610.8851,655.0199,604.5801
2025-06-11,2357,3651804,2449828644,665.0,675.0,664.0,675.0,16.0,6032,619.4,621.1,16.201,13.1401,3.0609,633.15,655.8844,610.4156,663.4626,602.8374
2025-06-12,2357,2832093,1923559968,675.0,683.0,671.0,682.0,7.0,4067,622.6,622.0222,18.1615,14.1444,4.0171,636.15,663.7798,608.5202,672.9898,599.3102
2025-06-13,2357,3798529,2589644004,674.0,685.0,674.0,684.0,2.0,4423,626.0667,622.8778,19.6501,15.2455,4.4046,638.95,670.7008,607.1992,681.2844,596.6156
2025-06-16,2357,2374692,1618234255,681.0,687.0,677.0,683.0,-1.0,3134,629.1667,623.2556,20.5127,16.299,4.2137,641.4,676.3396,606.4604,687.9862,594.8138
2025-06-17,2357,4845356,3369502189,688.0,700.0,684.0,700.0,17.0,6079,633.3333,623.8444,22.3108,17.5013,4.8095,645.35,684.6081,606.0919,697.6941,593.0059
2025-06-18,2357,5201656,3661986325,696.0,712.0,696.0,705.0,5.0,6098,637.2667,624.3778,23.8642,18.7739,5.0903,649.0,692.7023,605.2977,707.2698,590.7302
2025-06-19,2357,3130285,2201748183,707.0,711.0,699.0,705.0,0.0,3813,640.9667,624.9667,24.8093,19.981,4.8283,652.85,699.6894,606.0106,715.3026,590.3974
2025-06-20,2357,7919336,5443913467,705.0,709.0,683.0,683.0,-22.0,6837,643.9333,625.1667,23.5121,20.6872,2.8249,655.4,702.6726,608.1274,718.4302,592.3698
2025-06-23,2357,5677783,3838627999,672.0,684.0,668.0,678.0,-5.0,5933,646.4667,625.2667,21.8289,20.9156,0.9134,658.2,704.5089,611.8911,719.9451,596.4549
2025-06-24,2357,11432817,8129846720,682.0,745.0,678.0,745.0,67.0,8922,651.2,626.1556,25.6062,21.8537,3.7525,664.1,717.3823,610.8177,735.1431,593.0569
2025-06-25,2357,17498216,12326143645,710.0,720.0,699.0,700.0,-45.0,18116,654.2667,626.4333,24.684,22.4198,2.2643,668.7,719.3835,618.0165,736.2779,601.1221
2025-06-26,2357,21635605,13966162038,665.0,666.0,632.0,641.0,0.0,29721,654.9,626.0111,18.9737,21.7305,-2.7569,669.8,718.4241,621.1759,734.6321,604.9679
2025-06-27,2357,6968511,4460231182,644.0,648.0,636.0,640.0,-1.0,8585,655.3,625.5889,14.2038,20.2252,-6.0214,670.55,717.7777,623.3223,733.5203,607.5797
2025-06-30,2357,11285072,7288134805,645.0,654.0,640.0,644.0,4.0,9682,655.6333,625.1778,10.6239,18.3049,-7.6811,671.65,716.727,626.573,731.7526,611.5474
2025-07-01,2357,5751458,3729562815,648.0,652.0,643.0,650.0,6.0,6674,656.6,624.6444,8.1767,16.2793,-8.1026,672.25,716.4371,628.0629,731.1661,613.3339
2025-07-02,2357,5107146,3371134840,650.0,664.0,649.0,662.0,12.0,6447,657.6,624.3222,7.1234,14.4481,-7.3247,673.45,716.1421,630.7579,730.3728,616.5272
2025-07-03,2357,10325072,6646078935,658.0,664.0,637.0,639.0,-23.0,15515,657.9667,623.7222,4.3823,12.4349,-8.0526,673.3,716.2648,630.3352,730.5864,616.0136
2025-07-04,2357,6444194,4065938827,639.0,640.0,625.0,625.0,-14.0,12060,657.7333,622.7889,1.068,10.1615,-9.0936,672.3,717.3003,627.2997,732.3004,612.2996
2025-07-07,2357,3217457,2028948385,624.0,634.0,624.0,633.0,8.0,4120,658.1,622.0667,-0.9028,7.9487,-8.8514,671.65,717.7479,625.5521,733.1138,610.1862
2025-07-08,2357,3335125,2103837272,632.0,636.0,627.0,633.0,0.0,4349,658.3,621.4222,-2.4365,5.8717,-8.3081,670.35,718.0885,622.6115,734.0013,606.6987
2025-07-09,2357,2872218,1829840578,634.0,641.0,632.0,641.0,8.0,3849,659.4,620.7889,-2.9722,4.1029,-7.075,668.65,717.3487,619.9513,733.5816,603.7184
2025-07-10,2357,3612151,2320583188,646.0,646.0,637.0,642.0,1.0,4687,660.1667,620.3444,-3.2782,2.6267,-5.9049,666.65,715.8952,617.4048,732.3103,600.9897
2025-07-11,2357,2668000,1715038011,643.0,645.0,641.0,642.0,0.0,2847,660.7333,620.0444,-3.4806,1.4052,-4.8858,664.55,714.0571,615.0429,730.5595,598.5405
2025-07-14,2357,5663718,3561829658,643.0,644.0,624.0,631.0,-11.0,8661,661.0333,619.6111,-4.4771,0.2288,-4.7058,661.95,712.2285,611.6715,728.988,594.912
2025-07-15,2357,2434968,1551183472,631.0,640.0,630.0,640.0,9.0,3277,661.1,619.1889,-4.4888,-0.7147,-3.774,658.95,707.8603,610.0397,724.1637,593.7363
2025-07-16,2357,3488576,2231808148,641.0,646.0,635.0,635.0,-5.0,4637,661.0,618.7556,-4.8456,-1.5409,-3.3047,655.45,702.1405,608.7595,717.7041,593.1959
2025-07-17,2357,4298243,2759739473,642.0,648.0,638.0,640.0,5.0,4247,660.9333,618.5444,-4.6712,-2.167,-2.5042,652.2,695.703,608.697,710.204,594.196
2025-07-18,2357,2384389,1523359661,645.0,645.0,636.0,639.0,-1.0,4668,660.7333,618.3778,-4.561,-2.6458,-1.9152,650.0,692.3006,607.6994,706.4008,593.5992
2025-07-21,2357,3501202,2254699645,643.0,648.0,640.0,640.0,1.0,4080,660.5333,618.2222,-4.3429,-2.9852,-1.3577,648.1,689.3285,606.8715,703.0714,593.1286
2025-07-22,2357,4607253,2906825194,646.0,648.0,623.0,623.0,-17.0,8131,659.3333,618.4778,-5.4787,-3.4839,-1.9948,642.0,665.9654,618.0346,673.9539,610.0461
2025-07-23,2357,2971337,1886299058,628.0,638.0,628.0,638.0,15.0,3747,658.1,618.8111,-5.1096,-3.8091,-1.3005,638.9,651.3542,626.4458,655.5056,622.2944
2025-07-24,2357,2933234,1889111389,641.0,647.0,639.0,647.0,9.0,3393,656.9333,619.2444,-4.0442,-3.8561,-0.1881,639.2,651.9335,626.4665,656.178,622.222
2025-07-25,2357,3905404,2544693062,647.0,655.0,643.0,655.0,8.0,5833,655.9667,619.5889,-2.5252,-3.5899,1.0647,639.95,653.7448,626.1552,658.3431,621.5569
2025-07-28,2357,2687279,1771998467,658.0,663.0,653.0,662.0,7.0,4744,655.2667,619.6556,-0.7479,-3.0215,2.2736,640.85,656.4709,625.2291,661.6779,620.0221
2025-07-29,2357,3760921,2447220433,660.0,660.0,646.0,651.0,-11.0,5455,653.6333,619.7222,-0.2245,-2.4621,2.2376,640.9,656.5937,625.2063,661.8249,619.9751
2025-07-30,2357,3437356,2241341664,654.0,657.0,645.0,653.0,2.0,3520,651.9,619.7556,0.3478,-1.9001,2.2479,640.45,654.9561,625.9439,659.7915,621.1085
2025-07-31,2357,2979226,1968609047,651.0,665.0,650.0,662.0,9.0,4980,650.4667,619.8889,1.5101,-1.2181,2.7282,641.6,657.7877,625.4123,663.1836,620.0164
2025-08-01,2357,2483314,1644898734,654.0,667.0,651.0,665.0,3.0,3790,649.8667,620.2667,2.6428,-0.4459,3.0887,643.6,660.4754,626.7246,666.1005,621.0995
2025-08-04,2357,2661863,1757892284,660.0,665.0,654.0,665.0,0.0,3351,649.4333,620.6444,3.5002,0.3433,3.1569,645.2,663.0785,627.3215,669.0381,621.3619
2025-08-05,2357,3761863,2537216832,669.0,682.0,665.0,676.0,11.0,6509,647.1333,620.9889,5.0095,1.2766,3.733,647.35,667.435,627.265,674.13,620.57
2025-08-06,2357,2941869,2002993755,678.0,685.0,674.0,680.0,4.0,4425,646.4667,621.4333,6.4541,2.3121,4.142,649.3,672.0127,626.5873,679.5836,619.0164
2025-08-07,2357,2151766,1472180669,682.0,687.0,681.0,682.0,2.0,3523,647.8333,621.8778,7.6718,3.384,4.2878,651.3,676.3341,626.2659,684.6788,617.9212
2025-08-08,2357,2850952,1942951759,686.0,690.0,676.0,680.0,-2.0,4321,649.1667,622.6667,8.3789,4.383,3.9959,653.2,679.7605,626.6395,688.6139,617.7861
2025-08-11,2357,3003911,1987747642,676.0,676.0,654.0,662.0,-18.0,26011,649.7667,623.2111,7.4015,4.9867,2.4148,654.75,680.2564,629.2436,688.7585,620.7415
2025-08-12,2357,3140679,2060541208,667.0,669.0,653.0,653.0,-9.0,6168,649.8667,623.7556,5.8335,5.156,0.6774,655.4,680.3835,630.4165,688.7113,622.0887
2025-08-13,2357,4076186,2631077341,656.0,656.0,638.0,640.0,-13.0,9411,649.1333,624.8222,3.5014,4.8251,-1.3237,655.65,680.2026,631.0974,688.3867,622.9133
2025-08-14,2357,5000327,3181249118,640.0,645.0,629.0,641.0,1.0,7701,649.2,626.5,1.7142,4.2029,-2.4888,655.7,680.1793,631.2207,688.339,623.061
2025-08-15,2357,4179220,2642619934,641.0,643.0,629.0,632.0,-9.0,9694,649.4333,628.6222,-0.4236,3.2776,-3.7012,655.35,680.4982,630.2018,688.881,621.819
2025-08-18,2357,2339928,1478839029,631.0,636.0,629.0,633.0,1.0,4447,649.4333,630.2667,-2.0138,2.2193,-4.2332,655.0,680.7565,629.2435,689.3419,620.6581
2025-08-19,2357,2389849,1515899470,633.0,637.0,630.0,633.0,0.0,3517,649.4333,631.6111,-3.2368,1.1281,-4.3649,655.5,679.9715,631.0285,688.1287,622.8713
2025-08-20,2357,4229609,2658323794,634.0,636.0,625.0,625.0,-8.0,6555,648.9,632.5333,-4.7963,-0.0568,-4.7395,654.85,680.7681,628.9319,689.4075,620.2925
2025-08-21,2357,2384186,1499380916,629.0,636.0,625.0,626.0,1.0,4112,648.3667,633.2333,-5.8837,-1.2222,-4.6615,653.8,681.3754,626.2246,690.5673,617.0327
2025-08-22,2357,2227022,1389454741,628.0,629.0,621.0,621.0,-5.0,4311,647.6667,633.9889,-7.0674,-2.3912,-4.6762,652.1,681.7781,622.4219,691.6709,612.5291
2025-08-25,2357,1936532,1225804811,630.0,636.0,627.0,633.0,12.0,3157,647.7333,634.9889,-6.957,-3.3044,-3.6527,650.65,680.7732,620.5268,690.8143,610.4857
2025-08-26,2357,2107269,1340349421,631.0,638.0,630.0,638.0,5.0,2413,647.6667,636.0444,-6.3924,-3.922,-2.4704,650.0,680.4194,619.5806,690.5592,609.4408
2025-08-27,2357,2148584,1367191065,636.0,640.0,634.0,635.0,-3.0,3144,647.6667,637.2,-6.1165,-4.3609,-1.7556,649.1,679.9059,618.2941,690.1745,608.0255
2025-08-28,2357,1724099,1095597066,635.0,639.0,634.0,634.0,-1.0,2183,647.4667,638.5556,-5.9104,-4.6708,-1.2396,647.7,678.5489,616.8511,688.8319,606.5681
2025-08-29,2357,2068323,1311901055,638.0,641.0,631.0,632.0,-2.0,3032,647.2333,639.5444,-5.8412,-4.9049,-0.9363,646.05,676.6924,615.4076,686.9065,605.1935
2025-09-01,2357,2118727,1317245268,630.0,631.0,616.0,619.0,-13.0,6238,646.5333,640.3778,-6.7574,-5.2754,-1.482,643.75,674.9036,612.5964,685.2882,602.2118
2025-09-02,2357,1685453,1044796262,620.0,625.0,615.0,619.0,0.0,3475,646.4,640.6889,-7.3982,-5.6999,-1.6982,640.9,670.9114,610.8886,680.9153,600.8847
2025-09-03,2357,1842195,1156838363,619.0,633.0,619.0,625.0,6.0,2454,645.9667,641.1556,-7.3373,-6.0274,-1.3099,638.15,665.1994,611.1006,674.2159,602.0841
2025-09-04,2357,2176791,1387362714,629.0,644.0,629.0,635.0,10.0,3604,645.5667,641.7,-6.4082,-6.1036,-0.3047,635.8,657.9825,613.6175,665.3767,606.2233
2025-09-05,2357,1804339,1160730238,640.0,647.0,638.0,645.0,10.0,3393,645.2333,642.4222,-4.8096,-5.8448,1.0352,634.05,650.2821,617.8179,655.6928,612.4072
2025-09-08,2357,1561835,1011751458,647.0,651.0,645.0,645.0,0.0,3067,644.6667,643.0333,-3.5023,-5.3763,1.874,633.2,646.7447,619.6553,651.2596,615.1404
2025-09-09,2357,3790408,2498338469,653.0,665.0,648.0,661.0,16.0,6455,645.0,643.9889,-1.1618,-4.5334,3.3716,633.6,648.7054,618.4946,653.7406,613.4594
2025-09-10,2357,3599319,2410193784,667.0,677.0,663.0,668.0,7.0,6057,645.5,644.8889,1.2436,-3.378,4.6216,635.0,653.9424,616.0576,660.2566,609.7434
2025-09-11,2357,7729035,5370072593,682.0,709.0,680.0,691.0,23.0,15041,646.4667,645.9667,4.9487,-1.7127,6.6614,637.5,664.1668,610.8332,673.0557,601.9443
2025-09-12,2357,5432491,3829766934,695.0,714.0,694.0,707.0,16.0,10697,647.8667,647.2222,9.0715,0.4442,8.6274,641.25,676.552,605.948,688.3194,594.1806
2025-09-15,2357,2588080,1803788224,707.0,710.0,692.0,692.0,-15.0,5513,648.7667,648.2222,11.0017,2.5557,8.446,644.2,683.22,605.18,696.2267,592.1733
2025-09-16,2357,2759197,1901620684,695.0,697.0,685.0,685.0,-7.0,5259,649.0667,649.1333,11.8302,4.4106,7.4196,646.8,687.8953,605.7047,701.5938,592.0062
2025-09-17,2357,2924234,1976792798,685.0,685.0,671.0,673.0,-12.0,6227,648.8333,649.8556,11.3872,5.8059,5.5813,649.2,690.4334,607.9666,704.1779,594.2221
2025-09-18,2357,2646317,1799357699,680.0,687.0,673.0,680.0,7.0,3693,648.7667,650.5,11.4688,6.9385,4.5303,651.9,693.5116,610.2884,707.3822,596.4178
2025-09-19,2357,4765811,3198816347,681.0,684.0,668.0,668.0,-12.0,3406,648.3667,650.9444,10.4447,7.6397,2.805,654.25,694.6984,613.8016,708.1812,600.3188
2025-09-22,2357,2252349,1535180369,673.0,686.0,673.0,684.0,16.0,3477,649.1,651.5,10.7997,8.2717,2.528,656.8,697.6902,615.9098,711.3203,602.2797
2025-09-23,2357,2540463,1746043261,689.0,693.0,682.0,684.0,0.0,3920,650.1333,652.2,10.9548,8.8083,2.1464,659.1,700.3945,617.8055,714.1594,604.0406
2025-09-24,2357,2261407,1540337039,685.0,688.0,675.0,684.0,0.0,3354,651.6,652.7778,10.9514,9.2369,1.7145,661.55,702.7285,620.3715,716.4546,606.6454
2025-09-25,2357,2548613,1750915732,684.0,691.0,678.0,690.0,6.0,3086,653.2333,653.4667,11.3026,9.6501,1.6525,664.35,705.3752,623.3248,719.0502,609.6498
2025-09-26,2357,2294326,1555340501,690.0,691.0,672.0,678.0,-12.0,4634,654.7667,653.9778,10.4917,9.8184,0.6733,666.65,706.2564,627.0436,719.4586,613.8414
2025-09-30,2357,4335454,2927165255,672.0,682.0,668.0,671.0,-7.0,4635,656.0333,654.5222,9.1784,9.6904,-0.512,669.25,705.1112,633.3888,717.0649,621.4351
2025-10-01,2357,2841822,1924198634,672.0,687.0,670.0,676.0,5.0,4065,657.4667,655.0667,8.4437,9.4411,-0.9973,672.1,703.2955,640.9045,713.694,630.506
2025-10-02,2357,2148050,1468765080,681.0,688.0,680.0,684.0,8.0,2922,659.4333,655.9111,8.4101,9.2349,-0.8248,675.05,701.6322,648.4678,710.4929,639.6071
2025-10-03,2357,2345070,1608487839,688.0,692.0,683.0,685.0,1.0,3076,661.4,656.6444,8.3676,9.0614,-0.6938,677.55,700.2124,654.8876,707.7666,647.3334
2025-10-07,2357,2942349,2027372729,688.0,693.0,682.0,691.0,6.0,4091,663.7333,657.3778,8.7177,8.9927,-0.275,679.85,699.7752,659.9248,706.4169,653.2831
2025-10-08,2357,2520764,1745018105,689.0,696.0,686.0,692.0,1.0,3487,665.7,658.1556,8.9723,8.9886,-0.0163,682.2,698.2496,666.1504,703.5995,660.8005
2025-10-09,2357,3477971,2361418769,698.0,698.0,673.0,677.0,-15.0,6780,667.0,658.5889,7.873,8.7655,-0.8925,683.0,697.3545,668.6455,702.1394,663.8606
2025-10-13,2357,4657080,3210067283,670.0,697.0,670.0,697.0,20.0,7349,669.0667,659.2444,8.5175,8.7159,-0.1984,684.45,698.5084,670.3916,703.1945,665.7055
2025-10-14,2357,4449546,3111216117,717.0,719.0,686.0,687.0,-10.0,6794,670.8333,659.7444,8.1276,8.5982,-0.4706,684.25,698.1508,670.3492,702.7845,665.7155
2025-10-15,2357,3822857,2618995483,696.0,696.0,681.0,684.0,-3.0,3505,672.5667,660.1778,7.4902,8.3766,-0.8864,683.1,694.4498,671.7502,698.2331,667.9669
2025-10-16,2357,1934330,1324386884,685.0,690.0,679.0,685.0,1.0,3343,674.7667,660.6111,6.9852,8.0983,-1.1131,682.75,693.6851,671.8149,697.3301,668.1699
2025-10-17,2357,1792094,1234664144,685.0,694.0,684.0,685.0,0.0,2915,676.9667,660.9,6.51,7.7807,-1.2707,682.75,693.6851,671.8149,697.3301,668.1699
2025-10-20,2357,2283828,1567929322,691.0,691.0,681.0,686.0,1.0,2960,679.0,661.0222,6.1432,7.4532,-1.31,683.4,693.8196,672.9804,697.2928,669.5072
2025-10-21,2357,1534653,1063097555,691.0,698.0,689.0,691.0,5.0,2578,680.8667,661.1222,6.1847,7.1995,-1.0148,683.95,694.5953,673.3047,698.1438,669.7562
2025-10-22,2357,1165554,811130837,691.0,699.0,690.0,699.0,8.0,2184,682.6667,661.2889,6.7849,7.1166,-0.3316,685.5,695.7142,675.2858,699.1189,671.8811
2025-10-23,2357,1715457,1195378801,695.0,702.0,693.0,698.0,-1.0,2861,684.4333,661.4556,7.0981,7.1129,-0.0148,686.2,697.2184,675.1816,700.8912,671.5088
2025-10-27,2357,3523834,2503907145,710.0,714.0,702.0,714.0,16.0,6447,686.2,661.6111,8.5389,7.3981,1.1408,687.7,702.0883,673.3117,706.8844,668.5156
2025-10-28,2357,1904229,1351165273,714.0,715.0,705.0,709.0,-5.0,3419,687.5667,661.6556,9.1716,7.7528,1.4188,688.95,704.9321,672.9679,710.2595,667.6405
2025-10-29,2357,1912467,1358077297,712.0,716.0,708.0,709.0,0.0,2817,688.1667,661.7,9.5628,8.1148,1.448,689.9,707.2426,672.5574,713.0235,666.7765
2025-10-30,2357,2369204,1677607131,709.0,714.0,702.0,709.0,0.0,3370,688.2333,661.9889,9.7603,8.4439,1.3164,691.45,709.3806,673.5194,715.3575,667.5425
2025-10-31,2357,2617669,1831929364,709.0,709.0,697.0,697.0,-12.0,3637,688.4,662.2,8.8465,8.5244,0.3221,692.75,709.2311,676.2689,714.7249,670.7751
2025-11-03,2357,3097185,2148566522,692.0,702.0,689.0,691.0,-6.0,4558,688.6,661.6,7.5511,8.3298,-0.7786,693.5,708.9089,678.0911,714.0452,672.9548
2025-11-04,2357,2544205,1762040865,698.0,705.0,687.0,688.0,-3.0,4097,689.1,661.4667,6.2109,7.906,-1.6951,693.7,708.8735,678.5265,713.9313,673.4687
2025-11-05,2357,3424467,2312370123,684.0,684.0,666.0,681.0,-7.0,5931,689.1333,661.9111,4.5317,7.2311,-2.6995,693.5,709.0008,677.9992,714.1678,672.8322
2025-11-06,2357,2990660,2035167596,679.0,685.0,677.0,681.0,0.0,3460,689.5667,662.3667,3.1644,6.4178,-3.2534,693.0,709.0452,676.9548,714.3936,671.6064
2025-11-07,2357,3583582,2391568906,678.0,678.0,663.0,664.0,-17.0,8416,688.9,662.5889,0.7009,5.2744,-4.5735,691.6,710.3691,672.8309,716.6255,666.5745
2025-11-10,2357,2587128,1720492718,670.0,672.0,662.0,663.0,-1.0,4322,688.2,662.7333,-1.3168,3.9562,-5.273,690.9,711.4606,670.3394,718.3142,663.4858
2025-11-11,2357,3200569,2125750388,668.0,673.0,661.0,661.0,-2.0,4047,687.4333,662.7222,-3.0423,2.5565,-5.5987,689.1,711.8273,666.3727,719.403,658.797
2025-11-12,2357,6078152,3950855603,664.0,664.0,646.0,647.0,-14.0,10629,686.0,662.8111,-5.4762,0.9499,-6.4262,687.1,713.8661,660.3339,722.7881,651.4119
2025-11-13,2357,5110970,3252501668,648.0,649.0,633.0,633.0,-14.0,11505,684.5,662.9,-8.4376,-0.9276,-7.51,684.55,716.8994,652.2006,727.6825,641.4175
2025-11-14,2357,3558400,2253776059,625.0,638.0,625.0,633.0,0.0,5409,683.2333,662.9,-10.6616,-2.8744,-7.7872,681.95,718.6261,645.2739,730.8515,633.0485
2025-11-17,2357,6416499,3971577357,637.0,637.0,610.0,610.0,-23.0,14801,681.0333,662.6444,-14.1173,-5.123,-8.9943,678.2,722.0608,634.3392,736.6811,619.7189
2025-11-18,2357,10997319,6330911536,586.0,598.0,563.0,563.0,-47.0,24891,677.0,661.7778,-20.4132,-8.181,-12.2322,672.05,730.3472,613.7528,749.7796,594.3204
2025-11-19,2357,4407340,2504000596,565.0,578.0,562.0,566.0,3.0,7160,673.0333,660.9333,-24.8739,-11.5196,-13.3543,665.8,733.589,598.011,756.1854,575.4146
2025-11-20,2357,3669211,2111926901,581.0,583.0,571.0,573.0,7.0,5315,669.1,660.1667,-27.5269,-14.721,-12.8058,659.5,732.921,586.079,757.3947,561.6053
2025-11-21,2357,5705448,3277325446,559.0,583.0,557.0,573.0,0.0,6495,665.1333,659.5222,-29.2917,-17.6352,-11.6566,653.25,730.7655,575.7345,756.604,549.896
2025-11-24,2357,7309420,4282414081,580.0,593.0,579.0,585.0,12.0,6213,662.0667,658.9111,-29.3834,-19.9848,-9.3986,646.8,724.4189,569.1811,750.2919,543.3081
2025-11-25,2357,3906167,2303990317,589.0,594.0,584.0,590.0,5.0,4704,658.5,658.4111,-28.7215,-21.7322,-6.9893,640.85,717.4317,564.2683,742.9589,538.7411
2025-11-26,2357,3697739,2251806679,594.0,616.0,594.0,612.0,22.0,5886,656.0,658.1,-26.1206,-22.6098,-3.5108,636.0,709.1957,562.8043,733.5942,538.4058
2025-11-27,2357,2851548,1749409365,612.0,619.0,610.0,611.0,-1.0,4216,653.5667,657.7889,-23.865,-22.8609,-1.0041,631.1,699.9744,562.2256,722.9326,539.2674
2025-11-28,2357,3405189,2057143055,611.0,612.0,601.0,601.0,-10.0,5688,650.7667,657.3556,-22.6235,-22.8134,0.1899,626.3,691.738,560.862,713.5506,539.0494
2025-12-01,2357,2335806,1415940028,602.0,614.0,602.0,603.0,2.0,3539,648.0333,657.1333,-21.2335,-22.4974,1.2639,621.9,683.5834,560.2166,704.1446,539.6554
2025-12-02,2357,2028846,1228596935,607.0,608.0,601.0,607.0,4.0,2835,645.4,656.7889,-19.5834,-21.9146,2.3312,617.85,675.0766,560.6234,694.1521,541.5479
2025-12-03,2357,3544654,2188815486,610.0,622.0,607.0,616.0,9.0,4484,642.9,656.4444,-17.3494,-21.0016,3.6522,614.6,667.3069,561.8931,684.8758,544.3242
2025-12-04,2357,2834061,1725632559,619.0,621.0,605.0,607.0,-9.0,5300,639.8333,655.9111,-16.1194,-20.0251,3.9057,610.9,658.1262,563.6738,673.8683,547.9317
2025-12-05,2357,2230728,1358151272,611.0,614.0,603.0,609.0,2.0,3157,636.8667,655.3222,-14.8125,-18.9826,4.1701,608.15,651.4967,564.8033,665.9456,550.3544
2025-12-08,2357,2606032,1571975079,608.0,608.0,599.0,602.0,-7.0,4119,633.1333,654.7778,-14.1781,-18.0217,3.8436,605.1,643.8957,566.3043,656.8276,553.3724
2025-12-09,2357,2661652,1593030897,607.0,610.0,594.0,596.0,-6.0,5524,629.3667,654.1444,-13.9982,-17.217,3.2188,601.85,635.3142,568.3858,646.469,557.231
2025-12-10,2357,1888295,1130101250,601.0,608.0,595.0,595.0,-1.0,3448,625.5667,653.4,-13.7775,-16.5291,2.7516,599.25,628.7118,569.7882,638.5324,559.9676
2025-12-11,2357,2709905,1606033933,599.0,601.0,587.0,592.0,-3.0,6667,621.6667,652.5889,-13.6869,-15.9606,2.2738,597.2,624.207,570.193,633.2094,561.1906
2025-12-12,2357,2342889,1385804417,596.0,599.0,588.0,588.0,-4.0,4027,618.0333,651.7333,-13.779,-15.5243,1.7454,594.95,618.9425,570.9575,626.94,562.96
2025-12-15,2357,2562094,1498743239,585.0,588.0,581.0,584.0,-4.0,4580,614.4667,650.7111,-14.0132,-15.2221,1.2089,593.65,617.2934,570.0066,625.1746,562.1254
2025-12-16,2357,10584934,6246601732,580.0,600.0,576.0,586.0,2.0,10620,611.0667,649.6667,-13.8775,-14.9532,1.0757,594.8,616.05,573.55,623.1334,566.4666
2025-12-17,2357,9745442,5707610225,590.0,595.0,577.0,577.0,-9.0,10721,607.6,648.5,-14.3309,-14.8287,0.4978,595.35,615.1021,575.5979,621.6861,569.0139
2025-12-18,2357,12503671,7055728196,566.0,580.0,553.0,554.0,-23.0,17159,603.3667,647.1,-16.3576,-15.1345,-1.2231,594.4,617.4506,571.3494,625.1342,563.6658
2025-12-19,2357,13187404,7334499523,556.0,564.0,550.0,550.0,-4.0,11856,599.5667,645.8556,-18.0782,-15.7232,-2.355,593.25,619.8473,566.6527,628.7131,557.7869
2025-12-22,2357,9132744,5069087178,555.0,562.0,550.0,550.0,0.0,8788,595.8,644.7111,-19.2202,-16.4226,-2.7976,591.5,621.7261,561.2739,631.8015,551.1985
2025-12-23,2357,9190451,5067584924,552.0,555.0,546.0,546.0,-4.0,11010,591.9667,643.6667,-20.215,-17.1811,-3.0339,589.3,623.1681,555.4319,634.4575,544.1425
2025-12-24,2357,10056098,5494667718,547.0,551.0,540.0,544.0,-2.0,10498,588.5333,642.5889,-20.9236,-17.9296,-2.994,585.9,621.9785,549.8215,634.0047,537.7953
2025-12-26,2357,8521760,4706161403,548.0,556.0,545.0,551.0,7.0,7785,585.8,641.6889,-20.6818,-18.48,-2.2018,582.9,619.642,546.158,631.8894,533.9106
2025-12-29,2357,3643793,2000609912,554.0,557.0,543.0,543.0,-8.0,9115,582.8,640.6889,-20.895,-18.963,-1.9319,580.0,618.468,541.532,631.2907,528.7093
2025-12-30,2357,3645565,1968456169,545.0,548.0,535.0,540.0,-3.0,8091,580.4667,639.6556,-21.0631,-19.3831,-1.6801,576.85,616.6384,537.0616,629.9012,523.7988
2025-12-31,2357,2714103,1489127622,542.0,553.0,541.0,548.0,8.0,4571,579.9667,638.8,-20.3167,-19.5698,-0.7469,573.9,613.3135,534.4865,626.4513,521.3487
2026-01-02,2357,4418986,2465699962,554.0,563.0,552.0,555.0,7.0,6705,579.6,638.0111,-18.9419,-19.4442,0.5023,570.85,607.7797,533.9203,620.0896,521.6104
2026-01-05,2357,5388987,2971429132,555.0,558.0,546.0,546.0,-9.0,8648,578.7,637.1778,-18.3669,-19.2287,0.8618,567.8,603.2985,532.3015,615.1313,520.4687
2026-01-06,2357,4610828,2493007382,545.0,548.0,538.0,539.0,-7.0,8599,577.5667,636.1333,-18.2655,-19.0361,0.7706,564.3,597.8908,530.7092,609.0877,519.5123
2026-01-07,2357,4753977,2576882341,539.0,547.0,535.0,543.0,4.0,6668,576.1667,635.0778,-17.6588,-18.7606,1.1018,561.35,592.8642,529.8358,603.3689,519.3311
2026-01-08,2357,6823126,3650380558,540.0,542.0,530.0,530.0,-13.0,12780,574.1667,633.9111,-18.0193,-18.6124,0.5931,558.05,588.7348,527.3652,598.9631,517.1369
2026-01-09,2357,7926302,4168644274,526.0,532.0,517.0,529.0,-1.0,11363,571.4,632.7444,-18.1761,-18.5251,0.349,554.75,583.9737,525.5263,593.7149,515.7851
2026-01-12,2357,6272483,3388821008,538.0,546.0,534.0,546.0,17.0,6831,569.2333,631.7889,-16.7357,-18.1672,1.4315,552.45,578.6463,526.2537,587.3783,517.5217
2026-01-13,2357,9703700,5130508297,541.0,544.0,517.0,518.0,-28.0,23537,566.4667,630.6667,-17.6501,-18.0638,0.4137,548.95,574.4081,523.4919,582.8941,515.0059
2026-01-14,2357,4821068,2534861406,521.0,529.0,521.0,528.0,10.0,6478,563.9667,629.6556,-17.3677,-17.9246,0.5569,546.15,569.3025,522.9975,577.02,515.28
2026-01-15,2357,4717395,2457306671,528.0,528.0,517.0,521.0,-7.0,8234,561.1,628.5,-17.5068,-17.841,0.3342,542.9,562.8467,522.9533,569.4956,516.3044
2026-01-16,2357,7214065,3718823090,520.0,525.0,510.0,510.0,-11.0,17430,557.5667,627.1111,-18.2939,-17.9316,-0.3623,539.55,558.5703,520.5297,564.9104,514.1896
2026-01-19,2357,5070169,2595549528,512.0,516.0,508.0,510.0,0.0,8634,554.3333,625.6111,-18.702,-18.0857,-0.6163,537.35,558.062,516.638,564.966,509.734
2026-01-20,2357,4120391,2111617847,512.0,519.0,508.0,510.0,0.0,8763,551.0333,624.1111,-18.8087,-18.2303,-0.5784,535.35,557.4666,513.2334,564.8388,505.8612
2026-01-21,2357,5241739,2632703483,505.0,506.0,500.0,501.0,-9.0,11277,547.6667,622.3333,-19.3958,-18.4634,-0.9324,532.9,557.1743,508.6257,565.2657,500.5343
2026-01-22,2357,2982562,1518371803,508.0,512.0,505.0,511.0,10.0,5002,544.8333,620.5889,-18.8371,-18.5381,-0.299,531.15,556.0189,506.2811,564.3085,497.9915
2026-01-23,2357,2596091,1340457145,515.0,522.0,513.0,515.0,4.0,5147,542.1667,618.6333,-17.8656,-18.4036,0.538,529.7,554.6963,504.7037,563.0284,496.3716
2026-01-26,2357,3842376,1945947215,513.0,513.0,503.0,505.0,-10.0,10850,539.2667,616.3889,-17.6986,-18.2626,0.5641,527.4,552.5158,502.2842,560.8878,493.9122
2026-01-27,2357,3017592,1527202815,508.0,512.0,504.0,504.0,-1.0,4965,536.4667,614.3,-17.4458,-18.0992,0.6535,525.45,551.0981,499.8019,559.6474,491.2526
2026-01-28,2357,3705932,1871939931,508.0,510.0,502.0,510.0,6.0,6714,534.0,612.3556,-16.5703,-17.7934,1.2232,523.95,549.5565,498.3435,558.092,489.808
2026-01-29,2357,3452303,1753705871,510.0,513.0,505.0,507.0,-3.0,4952,531.3667,610.5111,-15.9348,-17.4217,1.4869,521.9,546.6238,497.1762,554.8651,488.9349
2026-01-30,2357,4618882,2301463371,505.0,505.0,495.5,496.0,-11.0,12481,528.6667,608.4667,-16.1329,-17.164,1.0311,518.95,542.1954,495.7046,549.9439,487.9561
2026-02-02,2357,4479402,2239637302,496.0,509.0,490.0,499.5,3.5,6751,526.85,606.5944,-15.825,-16.8962,1.0712,516.625,538.6635,494.5865,546.0097,487.2403
2026-02-03,2357,3178104,1600000186,505.0,511.0,498.5,501.0,1.5,4496,525.2167,604.5611,-15.2837,-16.5737,1.2899,514.725,535.862,493.588,542.9076,486.5424
2026-02-04,2357,2467069,1234567948,500.0,504.0,498.5,502.0,1.0,4373,523.6167,602.5389,-14.6058,-16.1801,1.5743,512.675,531.6834,493.6666,538.0195,487.3305
2026-02-05,2357,4214026,2133720745,501.0,513.0,501.0,502.0,0.0,5103,522.15,600.5167,-13.9081,-15.7257,1.8176,511.275,529.5678,492.9822,535.6654,486.8846
2026-02-06,2357,4197629,2126550539,501.0,515.0,493.0,508.0,6.0,6321,520.95,598.4944,-12.7244,-15.1254,2.401,510.225,527.432,493.018,533.1677,487.2823
2026-02-09,2357,3829784,1933827594,513.0,513.0,502.0,503.0,-5.0,6133,519.35,596.55,-12.0509,-14.5105,2.4597,508.075,519.8967,496.2533,523.8373,492.3127
2026-02-10,2357,5244160,2723833443,508.0,530.0,506.0,526.0,23.0,9719,518.7833,594.9389,-9.5511,-13.5186,3.9676,508.475,521.3497,495.6003,525.6413,491.3087
2026-02-11,2357,3814390,1994588280,525.0,526.0,517.0,523.0,-3.0,6219,518.2167,593.2389,-7.723,-12.3595,4.6365,508.225,520.2852,496.1648,524.3053,492.1447
2026-02-23,2357,6095678,3113957769,518.0,518.0,507.0,509.0,-14.0,9329,516.9167,591.2944,-7.3196,-11.3515,4.032,507.625,518.8206,496.4294,522.5525,492.6975
2026-02-24,2357,5031474,2580383693,509.0,520.0,507.0,515.0,6.0,5748,515.5833,589.4056,-6.4414,-10.3695,3.9281,507.875,519.3191,496.4309,523.1337,492.6163
2026-02-25,2357,5778458,3053178057,522.0,533.0,521.0,525.0,10.0,8799,514.8833,587.5611,-4.8823,-9.2721,4.3898,508.625,521.4245,495.8255,525.691,491.559
2026-02-26,2357,4661180,2474038011,530.0,535.0,522.0,532.0,7.0,6173,514.65,585.7833,-3.0467,-8.027,4.9803,509.725,524.7397,494.7103,529.7447,489.7053
2026-03-02,2357,3613935,1920040355,533.0,536.0,526.0,530.0,-2.0,5460,514.2167,584.15,-1.7334,-6.7683,5.0349,511.175,527.3035,495.0465,532.6797,489.6703
2026-03-03,2357,3860286,2025697395,530.0,533.0,519.0,521.0,-9.0,6165,513.9167,582.1944,-1.4027,-5.6952,4.2925,511.675,528.136,495.214,533.623,489.727
2026-03-04,2357,5210844,2631669242,515.0,515.0,500.0,500.0,-21.0,9858,512.95,580.1167,-2.8028,-5.1167,2.3139,510.925,527.7911,494.0589,533.4131,488.4369
2026-03-05,2357,3850664,1980456769,510.0,520.0,508.0,518.0,18.0,5081,512.0167,578.2722,-2.4319,-4.5797,2.1479,511.575,528.4639,494.6861,534.0935,489.0565
2026-03-06,2357,3155564,1656351500,514.0,530.0,513.0,527.0,9.0,4377,512.3167,576.5167,-1.3956,-3.9429,2.5473,512.725,530.1457,495.3043,535.9526,489.4974
2026-03-09,2357,4149228,2130916112,505.0,520.0,500.0,517.0,-10.0,6228,511.95,574.65,-1.3655,-3.4274,2.0619,513.075,530.5243,495.6257,536.3407,489.8093
2026-03-10,2357,5243871,2767696664,524.0,532.0,521.0,531.0,14.0,6116,512.2833,572.9278,-0.2096,-2.7839,2.5742,514.275,532.571,495.979,538.6697,489.8803
2026-03-11,2357,10065627,5804749509,556.0,584.0,556.0,584.0,53.0,16110,514.75,571.7389,4.9263,-1.2418,6.1682,518.675,547.3988,489.9512,556.9734,480.3766
2026-03-12,2357,9791806,5727605382,591.0,593.0,574.0,581.0,-3.0,15099,517.1167,570.4278,8.6548,0.7375,7.9173,522.75,557.4225,488.0775,568.98,476.52
2026-03-13,2357,7586095,4462936525,574.0,594.0,573.0,589.0,8.0,15938,519.75,569.2167,12.1154,3.0131,9.1024,527.15,567.4,486.9,580.8167,473.4833
2026-03-16,2357,3975555,2335839039,592.0,592.0,581.0,589.0,0.0,7749,522.6833,567.8278,14.6887,5.3482,9.3405,531.5,575.6968,487.3032,590.429,472.571
2026-03-17,2357,4286354,2533858395,592.0,595.0,589.0,593.0,4.0,6916,525.4167,566.5389,16.8565,7.6499,9.2067,536.05,583.4754,488.6246,599.2838,472.8162
2026-03-18,2357,4891953,2911572697,598.0,604.0,590.0,594.0,1.0,8497,528.05,565.2611,18.4426,9.8084,8.6342,540.35,590.4487,490.2513,607.1483,473.5517
2026-03-19,2357,4095849,2398630526,589.0,594.0,578.0,578.0,-16.0,10487,530.4833,563.8056,18.1988,11.4865,6.7123,544.1,593.892,494.308,610.4893,477.7107
2026-03-20,2357,4989313,2901863730,582.0,590.0,574.0,582.0,4.0,6204,533.0833,562.5278,18.1194,12.8131,5.3063,546.9,597.8115,495.9885,614.7819,479.0181
2026-03-23,2357,5151764,2920611490,572.0,575.0,560.0,563.0,-19.0,10268,534.85,561.1056,16.3351,13.5175,2.8176,548.9,599.3535,498.4465,616.1713,481.6287
2026-03-24,2357,3350811,1903947568,575.0,576.0,562.0,565.0,2.0,4857,536.7833,559.7389,14.9105,13.7961,1.1144,551.7,600.374,503.026,616.5986,486.8014
2026-03-25,2357,4343526,2459478232,576.0,577.0,562.0,565.0,0.0,7211,539.0833,558.45,13.6245,13.7618,-0.1373,554.2,601.2723,507.1277,616.963,491.437
2026-03-26,2357,3248027,1856157803,566.0,577.0,563.0,574.0,9.0,4998,541.5667,557.2611,13.1795,13.6453,-0.4658,556.65,602.9862,510.3138,618.4315,494.8685
2026-03-27,2357,2481563,1420914830,572.0,577.0,566.0,577.0,3.0,4106,544.1,556.2944,12.9201,13.5003,-0.5802,558.9,604.858,512.942,620.1773,497.6227
2026-03-30,2357,3172392,1791540561,569.0,571.0,562.0,562.0,-15.0,5843,546.1,555.1722,11.373,13.0748,-1.7018,560.5,605.3141,515.6859,620.2521,500.7479
2026-03-31,2357,4343038,2404471994,560.0,565.0,548.0,549.0,-13.0,6385,547.6667,553.9278,8.9942,12.2587,-3.2645,561.9,604.7317,519.0683,619.0089,504.7911
2026-04-01,2357,3100177,1751172967,568.0,570.0,560.0,567.0,18.0,4466,549.6333,553.0389,8.4639,11.4998,-3.0358,565.25,602.0917,528.4083,614.3723,516.1277
2026-04-02,2357,3384391,1880675804,570.0,570.0,551.0,555.0,-12.0,6056,551.3667,552.1722,6.9947,10.5988,-3.604,567.1,600.225,533.975,611.2667,522.9333
2026-04-07,2357,2709937,1492033681,561.0,563.0,545.0,550.0,-5.0,4798,552.1667,551.25,5.3651,9.552,-4.1869,568.25,598.8823,537.6177,609.0931,527.4069
2026-04-08,2357,3447711,1950666556,565.0,571.0,561.0,562.0,12.0,5433,553.4667,550.7167,4.9844,8.6385,-3.6541,570.5,595.3985,545.6015,603.698,537.302
2026-04-09,2357,2442567,1380376194,563.0,568.0,560.0,568.0,6.0,3760,555.4333,550.7722,5.108,7.9324,-2.8244,572.35,593.0334,551.6666,599.9278,544.7722
2026-04-10,2357,3617167,2092335840,584.0,584.0,575.0,578.0,10.0,5671,557.5333,550.9056,5.9443,7.5348,-1.5904,572.05,592.4288,551.6712,599.2218,544.8782
2026-04-13,2357,2913908,1671682010,573.0,579.0,565.0,578.0,0.0,4628,559.3,550.9611,6.5319,7.3342,-0.8023,571.9,592.1472,551.6528,598.8963,544.9037
2026-04-14,2357,3431946,1996029944,584.0,585.0,578.0,580.0,2.0,5003,560.9,551.0389,7.0773,7.2828,-0.2056,571.45,591.0105,551.8895,597.5306,545.3694
2026-04-15,2357,4199393,2449904029,584.0,587.0,580.0,584.0,4.0,5272,562.7,551.0278,7.743,7.3749,0.3682,571.2,590.2956,552.1044,596.6608,545.7392
2026-04-16,2357,4191246,2469881380,584.0,595.0,584.0,589.0,5.0,5849,564.9667,551.0167,8.5752,7.6149,0.9603,571.0,589.5954,552.4046,595.7939,546.2061
2026-04-17,2357,5743396,3438595929,590.0,608.0,588.0,599.0,10.0,9132,568.2667,550.8722,9.9272,8.0774,1.8499,571.25,590.6366,551.8634,597.0988,545.4012
2026-04-20,2357,4113459,2488559258,606.0,609.0,601.0,605.0,6.0,6863,571.1667,550.8056,11.352,8.7323,2.6197,572.6,594.9834,550.2166,602.4445,542.7555
2026-04-21,2357,5134459,3078387809,606.0,609.0,592.0,599.0,-6.0,9736,573.5667,550.7833,11.8603,9.3579,2.5024,573.45,597.3535,549.5465,605.3213,541.5787
2026-04-22,2357,4673650,2825140222,598.0,609.0,595.0,609.0,10.0,7147,576.6333,550.85,12.9211,10.0705,2.8505,575.75,602.1238,549.3762,610.915,540.585
2026-04-23,2357,5700773,3436257664,613.0,619.0,591.0,598.0,-11.0,9735,578.8667,550.75,12.7274,10.6019,2.1255,577.4,604.4937,550.3063,613.5249,541.2751
2026-04-24,2357,5501754,3241542438,598.0,601.0,584.0,585.0,-13.0,9668,578.9,550.4056,11.3936,10.7603,0.6334,578.4,605.239,551.561,614.1853,542.6147
2026-04-27,2357,3081255,1814643416,587.0,596.0,585.0,588.0,3.0,5036,579.1333,550.1944,10.4581,10.6998,-0.2417,579.1,606.0776,552.1224,615.0702,543.1298
2026-04-28,2357,2335533,1369615258,589.0,591.0,583.0,588.0,0.0,4836,579.1,549.9611,9.606,10.4811,-0.8751,579.65,606.7781,552.5219,615.8208,543.4792
2026-04-29,2357,2430601,1429360691,590.0,595.0,585.0,588.0,0.0,3595,579.0667,549.8056,8.8289,10.1506,-1.3217,580.95,607.4697,554.4303,616.3097,545.5903
2026-04-30,2357,3074874,1797021664,585.0,590.0,581.0,581.0,-7.0,5093,578.6667,549.6389,7.561,9.6327,-2.0717,582.55,606.5573,558.5427,614.5597,550.5403
2026-05-04,2357,3911466,2312838740,588.0,597.0,582.0,591.0,10.0,5829,578.5667,549.5944,7.2792,9.162,-1.8828,583.75,607.2608,560.2392,615.0978,552.4022
2026-05-05,2357,2560325,1512913594,590.0,594.0,588.0,590.0,-1.0,4108,578.9667,549.5722,6.8958,8.7088,-1.813,585.5,606.7662,564.2338,613.8549,557.1451
2026-05-06,2357,8876828,5482758869,598.0,634.0,596.0,629.0,39.0,16415,580.5333,550.0278,9.6278,8.8926,0.7352,589.45,611.5891,567.3109,618.9688,559.9312
2026-05-07,2357,9859127,6322281437,633.0,655.0,625.0,639.0,10.0,14986,583.0667,550.6389,12.4563,9.6053,2.851,593.3,618.9232,567.6768,627.4643,559.1357
2026-05-08,2357,9024005,5913195261,640.0,670.0,638.0,650.0,11.0,14208,585.9,551.35,15.4079,10.7659,4.6421,597.4,627.7586,567.0414,637.8782,556.9218
2026-05-11,2357,10283055,7023919574,661.0,699.0,658.0,686.0,36.0,15518,589.9333,552.5611,20.4167,12.696,7.7207,602.8,644.4847,561.1153,658.3796,547.2204
2026-05-12,2357,6512973,4421211728,686.0,693.0,672.0,673.0,-13.0,11068,593.2333,553.8833,23.0712,14.771,8.3001,607.55,654.4001,560.6999,670.0167,545.0833
2026-05-13,2357,7182022,4744486410,648.0,672.0,648.0,663.0,-10.0,10001,596.1,555.1389,24.0903,16.6349,7.4554,611.7,660.9785,562.4215,677.4046,545.9954
2026-05-14,2357,5612825,3812807839,675.0,687.0,667.0,679.0,16.0,8462,600.0,556.5722,25.8905,18.486,7.4045,616.45,669.5577,563.3423,687.2603,545.6397
2026-05-15,2357,6804649,4446181723,681.0,682.0,638.0,641.0,-38.0,17020,603.0667,557.6278,23.9746,19.5837,4.3909,619.05,671.8379,566.2621,689.4338,548.6662
2026-05-18,2357,3968471,2515520699,637.0,641.0,622.0,635.0,-6.0,6861,605.3333,558.6389,21.7217,20.0113,1.7104,620.85,673.3991,568.3009,690.9155,550.7845
2026-05-19,2357,4896613,3157025316,636.0,651.0,635.0,642.0,7.0,6463,608.2333,559.65,20.2674,20.0625,0.2049,622.7,675.3927,570.0073,692.957,552.443
2026-05-20,2357,3822713,2452862670,645.0,650.0,636.0,640.0,-2.0,5154,611.2333,560.7278,18.7375,19.7975,-1.06,624.75,677.052,572.448,694.486,555.014
2026-05-21,2357,4814040,3139248317,652.0,658.0,647.0,656.0,16.0,5968,614.3667,562.0167,18.6017,19.5584,-0.9566,627.1,680.097,574.103,697.7627,556.4373
2026-05-22,2357,5480314,3713787186,656.0,685.0,655.0,682.0,26.0,9355,618.1667,563.5056,20.3574,19.7182,0.6392,631.3,686.2868,576.3132,704.6158,557.9842
2026-05-25,2357,6899791,4883092560,692.0,717.0,690.0,709.0,27.0,12341,622.5333,565.2167,23.6548,20.5055,3.1493,637.5,695.7545,579.2455,715.1727,559.8273
2026-05-26,2357,4568619,3202915962,711.0,717.0,694.0,699.0,-10.0,7789,626.5667,566.9167,25.1709,21.4386,3.7323,643.05,702.0278,584.0722,721.687,564.413
2026-05-27,2357,4222844,2965146666,700.0,709.0,694.0,701.0,2.0,7356,630.6,568.7167,26.2315,22.3972,3.8343,648.7,707.3649,590.0351,726.9199,570.4801
2026-05-28,2357,4308608,3010811524,703.0,711.0,690.0,692.0,-9.0,7573,634.2,570.3722,26.0455,23.1269,2.9187,653.9,710.1427,597.6573,728.8902,578.9098
2026-05-29,2357,13953540,10553200920,708.0,761.0,708.0,761.0,69.0,20434,639.9333,572.9389,31.1073,24.7229,6.3844,662.9,723.7309,602.0691,744.0079,581.7921
2026-06-01,2357,4445549,3720924513,837.0,837.0,837.0,837.0,76.0,5395,647.8667,576.3611,40.7812,27.9346,12.8466,675.2,754.6942,595.7058,781.1923,569.2077
2026-06-02,2357,11557431,10597450851,914.0,920.0,883.0,920.0,83.0,12830,658.3667,580.5167,54.5169,33.2511,21.2658,691.7,800.8399,582.5601,837.2199,546.1801
2026-06-03,2357,13575996,12625984412,954.0,964.0,899.0,931.0,11.0,24440,669.4333,585.1056,65.5346,39.7078,25.8269,706.8,839.7935,573.8065,884.1247,529.4753
2026-06-04,2357,6988699,6286332004,916.0,927.0,881.0,892.0,-39.0,15470,678.8667,589.15,70.3088,45.828,24.4809,719.45,863.7609,575.1391,911.8645,527.0355
2026-06-05,2357,7938907,7116792541,910.0,927.0,875.0,900.0,8.0,12916,688.9333,593.3611,73.8862,51.4396,22.4466,731.95,886.0432,577.8568,937.4076,526.4924
2026-06-08,2357,7306896,6110042497,820.0,853.0,816.0,844.0,-56.0,14237,697.5667,597.0722,71.3798,55.4277,15.9521,739.85,897.437,582.263,949.966,529.734
2026-06-09,2357,5184736,4381847966,853.0,853.0,834.0,850.0,6.0,8569,706.3,600.85,69.0813,58.1584,10.9229,748.7,908.5617,588.8383,961.8489,535.5511
2026-06-10,2357,6712389,5445713614,820.0,826.0,793.0,796.0,-54.0,17631,713.2333,604.0278,62.1855,58.9638,3.2217,755.35,912.9768,597.7232,965.5191,545.1809
2026-06-11,2357,5245169,4092967192,791.0,802.0,769.0,784.0,-12.0,11040,719.7667,607.1722,55.1169,58.1944,-3.0776,760.6,916.1244,605.0756,967.9658,553.2342
2026-06-12,2357,4371037,3445754672,791.0,805.0,780.0,785.0,1.0,7951,726.5667,610.2167,49.0304,56.3616,-7.3312,767.8,917.6053,617.9947,967.5405,568.0595
2026-06-15,2357,3780033,2995604533,803.0,804.0,783.0,792.0,7.0,6797,733.2667,613.2944,44.2615,53.9416,-9.6801,775.65,918.0459,633.2541,965.5112,585.7888
2026-06-16,2357,4159548,3292182501,794.0,800.0,786.0,791.0,-1.0,6431,739.9667,616.4722,39.941,51.1415,-11.2005,783.1,917.4792,648.7208,962.2722,603.9278
2026-06-17,2357,3336854,2655091692,790.0,803.0,782.0,803.0,12.0,5684,745.7667,619.7944,37.0581,48.3248,-11.2667,791.25,915.8388,666.6612,957.3684,625.1316
2026-06-18,2357,7939182,6315668020,807.0,810.0,789.0,789.0,-14.0,11116,750.7667,622.8944,33.2603,45.3119,-12.0516,797.9,913.0173,682.7827,951.3898,644.4102
2026-06-22,2357,3442620,2733592327,793.0,806.0,788.0,788.0,-1.0,8494,755.3667,626.0167,29.826,42.2147,-12.3887,803.2,910.9328,695.4672,946.8437,659.5563
2026-06-23,2357,6495537,5158042229,799.0,819.0,783.0,785.0,-3.0,10050,758.6667,629.2278,26.556,39.083,-12.5269,807.0,909.7645,704.2355,944.0194,669.9806
2026-06-24,2357,5156891,3977812433,775.0,783.0,764.0,771.0,-14.0,12519,761.9333,632.2444,22.5747,35.7813,-13.2066,810.6,907.0472,714.1528,939.1963,682.0037
2026-06-25,2357,6101570,4593634511,770.0,773.0,743.0,748.0,-23.0,16263,764.7667,634.9889,17.3634,32.0977,-14.7343,812.95,904.2219,721.6781,934.6459,691.2541
2026-06-26,2357,7061186,5033505967,730.0,735.0,700.0,701.0,-47.0,21104,765.5,637.2,9.3333,27.5449,-18.2115,813.4,903.2992,723.5008,933.2655,693.5345
2026-06-29,2357,4626002,3243505657,702.0,710.0,694.0,703.0,2.0,9736,767.5667,639.4333,3.0951,22.6549,-19.5598,810.5,906.3129,714.6871,938.2506,682.7494
2026-06-30,2357,7495277,5266753879,705.0,711.0,691.0,700.0,-3.0,10839,769.7333,641.5667,-2.0669,17.7105,-19.7775,803.65,905.7861,701.5139,939.8314,667.4686
2026-07-01,2357,13522280,8770628861,658.0,659.0,635.0,657.0,0.0,23857,770.2333,643.2778,-9.5179,12.2648,-21.7828,790.5,895.2182,685.7818,930.1243,650.8757
2026-07-02,2357,6248766,4100377988,650.0,667.0,642.0,667.0,10.0,9946,771.1333,644.8444,-14.4494,6.922,-21.3714,777.3,877.4087,677.1913,910.7783,643.8217
2026-07-03,2357,3325491,2224155077,660.0,675.0,657.0,675.0,8.0,6160,771.7667,646.5333,-17.5103,2.0355,-19.5458,766.45,863.5288,669.3712,895.8884,637.0116
2026-07-06,2357,3352579,2278851543,681.0,689.0,672.0,680.0,5.0,6051,771.7,648.4333,-19.31,-2.2336,-17.0764,755.45,844.3918,666.5082,874.039,636.861
2026-07-07,2357,3751073,2511431625,681.0,681.0,661.0,663.0,-17.0,7589,770.1667,650.0778,-21.8561,-6.1581,-15.698,746.4,834.719,658.081,864.1587,628.6413
2026-07-08,2357,4853620,3298288733,675.0,687.0,670.0,687.0,24.0,6489,769.7667,651.8778,-21.6873,-9.2639,-12.4234,738.25,820.65,655.85,848.1167,628.3833
2026-07-09,2357,4811935,3297231820,688.0,699.0,675.0,684.0,-3.0,6040,769.2,653.5667,-21.5472,-11.7206,-9.8266,732.65,814.3143,650.9857,841.5358,623.7642
2026-07-13,2357,6768399,4824912572,706.0,725.0,703.0,704.0,20.0,9515,769.6,655.5,-19.5965,-13.2958,-6.3007,728.65,808.7507,648.5493,835.4509,621.8491
2026-07-14,2357,4883592,3409563488,710.0,710.0,690.0,703.0,-1.0,7461,767.6667,657.5222,-17.9245,-14.2215,-3.703,724.55,802.5128,646.5872,828.5003,620.5997
2026-07-15,2357,3769668,2687816532,705.0,720.0,705.0,712.0,9.0,5070,763.5,659.8778,-15.6924,-14.5157,-1.1767,720.55,794.848,646.252,819.614,621.486
2026-07-16,2357,2700767,1918623998,710.0,715.0,698.0,715.0,3.0,4098,756.6667,662.0667,-13.5255,-14.3176,0.7922,716.75,786.7635,646.7365,810.1013,623.3987
2026-07-17,2357,4776948,3386699668,705.0,719.0,700.0,700.0,-15.0,7818,748.9667,663.9889,-12.8701,-14.0281,1.158,711.6,774.7772,648.4228,795.8363,627.3637
2026-07-20,2357,3669278,2564729415,705.0,711.0,688.0,688.0,-12.0,5544,742.1667,665.8889,-13.1673,-13.856,0.6887,706.55,763.8866,649.2134,782.9987,630.1013
2026-07-21,2357,5540625,4014873375,700.0,739.0,698.0,736.0,48.0,9622,736.7,668.1667,-9.421,-12.969,3.548,703.95,754.8279,653.0721,771.7872,636.1128
2026-07-22,2357,5556494,4223528552,740.0,772.0,740.0,757.0,21.0,10698,733.8,670.0889,-4.7033,-11.3159,6.6125,702.55,748.8022,656.2978,764.2197,640.8803
2026-07-23,2357,3640645,2793219026,759.0,773.0,759.0,769.0,12.0,6673,731.1,672.1778,0.0037,-9.0519,9.0557,702.45,748.3553,656.5447,763.6571,641.2429
2026-07-24,2357,3099430,2385332782,760.0,780.0,760.0,771.0,2.0,6097,730.2667,674.2,3.8511,-6.4713,10.3224,703.6,752.742,654.458,769.1227,638.0773
2026-07-27,2357,3709649,2792316966,778.0,778.0,735.0,760.0,-11.0,7871,729.4667,676.1,5.9441,-3.9883,9.9323,706.55,759.1829,653.9171,776.7271,636.3729
2026-07-28,2357,3774159,2804162735,748.0,763.0,734.0,735.0,-25.0,8899,727.8,677.6778,5.5218,-2.0862,7.608,708.15,761.6151,654.6849,779.4367,636.8633
2026-07-29,2357,7000149,5278683452,750.0,771.0,736.0,761.0,26.0,15222,726.7667,679.5333,7.2021,-0.2286,7.4307,711.2,767.4084,654.9916,786.1445,636.2555
2026-07-30,2357,5046040,3717044769,762.0,762.0,722.0,737.0,-24.0,8530,724.9667,681.3,6.522,1.1215,5.4004,715.2,768.6082,661.7918,786.4109,643.9891
2026-07-31,2357,9733283,7704879443,773.0,810.0,767.0,810.0,73.0,16347,725.2,683.8333,11.7382,3.2449,8.4933,722.35,781.6837,663.0163,801.4616,643.2384
2026-08-03,2357,3979413,3179538573,790.0,813.0,786.0,799.0,-11.0,7785,725.5333,686.4556,14.8136,5.5586,9.255,728.55,790.6764,666.4236,811.3852,645.7148
2026-08-04,2357,4052111,3262144603,781.0,816.0,781.0,806.0,7.0,7402,726.1333,689.1333,17.6128,7.9695,9.6433,734.85,799.6335,670.0665,821.2281,648.4719
2026-08-05,2357,5273869,4444915900,813.0,859.0,813.0,838.0,32.0,11571,727.9,692.1667,22.1579,10.8071,11.3507,743.6,811.8951,675.3049,834.6602,652.5398
2026-08-06,2357,4064934,3325830484,830.0,843.0,806.0,818.0,-20.0,14145,729.4667,694.8778,23.8709,13.4199,10.451,750.15,819.7111,680.5889,842.8982,657.4018
2026-08-07,2357,4616536,3746677356,816.0,825.0,805.0,817.0,-1.0,6467,731.7667,697.5444,24.8611,15.7081,9.153,756.8,825.6842,687.9158,848.6456,664.9544
2026-08-10,2357,2749914,2244909454,820.0,822.0,808.0,818.0,1.0,4977,735.6667,700.3889,25.4335,17.6532,7.7803,762.5,831.6483,693.3517,854.6977,670.3023
2026-08-11,2357,3062368,2526574115,818.0,839.0,812.0,839.0,21.0,5819,740.2,703.6111,27.2672,19.576,7.6912,769.3,839.6261,698.9739,863.0681,675.5319
2026-08-12,2357,3093043,2632857666,831.0,860.0,831.0,852.0,13.0,7004,745.2667,706.7778,29.4302,21.5469,7.8834,776.3,848.7625,703.8375,872.9167,679.6833
2026-08-13,2357,3760190,3523298030,937.0,937.0,937.0,937.0,85.0,8761,754.6,711.0222,37.5702,24.7515,12.8186,787.4,874.4182,700.3818,903.4243,671.3757
2026-08-14,2357,16239913,16191877732,968.0,1025.0,966.0,996.0,59.0,25002,765.5667,715.9778,48.226,29.4464,18.7796,802.2,908.5098,695.8902,943.9464,660.4536
2026-08-17,2357,5643928,5340172975,985.0,986.0,921.0,938.0,-58.0,18158,774.3333,720.1556,51.3982,33.8368,17.5614,814.7,922.2694,707.1306,958.1259,671.2741
2026-08-18,2357,4643243,4221437300,930.0,933.0,891.0,910.0,-28.0,11205,782.0,723.9556,51.0642,37.2823,13.7819,823.4,931.7234,715.0766,967.8312,678.9688
2026-08-19,2357,2985654,2718902907,896.0,925.0,891.0,925.0,15.0,7335,790.7333,727.8111,51.4172,40.1092,11.3079,831.8,942.5571,721.0429,979.4762,684.1238
2026-08-20,2357,3211887,2950306189,928.0,940.0,906.0,913.0,-12.0,6428,798.2667,731.5333,50.1505,42.1175,8.033,839.0,950.616,727.384,987.8213,690.1787
2026-08-21,2357,1887246,1728659036,913.0,923.0,906.0,921.0,8.0,3346,806.1667,735.3222,49.2248,43.5389,5.6858,846.5,958.632,734.368,996.0094,696.9906
2026-08-24,2357,1674244,1551725592,919.0,939.0,916.0,923.0,2.0,4234,813.4667,739.0889,48.098,44.4508,3.6473,854.65,965.2088,744.0912,1002.0617,707.2383
2026-08-25,2357,1976790,1808890540,921.0,925.0,901.0,925.0,2.0,3933,820.8667,742.8222,46.8267,44.926,1.9007,864.15,968.5543,759.7457,1003.3557,724.9443
2026-08-26,2357,3391704,3244122071,923.0,980.0,919.0,971.0,46.0,9196,829.5,746.9556,48.9665,45.7341,3.2325,874.65,978.2412,771.0588,1012.7716,736.5284
2026-08-27,2357,1739150,1687381131,966.0,977.0,962.0,968.0,-3.0,4554,837.9333,750.9889,49.8457,46.5564,3.2893,886.2,982.1341,790.2659,1014.1121,758.2879
2026-08-28,2357,1844300,1780589776,975.0,981.0,955.0,965.0,-3.0,5975,846.7667,755.0556,49.7271,47.1905,2.5366,893.95,989.3902,798.5098,1021.2035,766.6965
2026-08-31,2357,5187639,5160400197,962.0,1005.0,951.0,999.0,34.0,10381,857.1333,759.3889,51.7798,48.1084,3.6714,903.95,999.4026,808.4974,1031.2201,776.6799
2026-09-01,2357,5653878,5675970931,1000.0,1025.0,987.0,1010.0,11.0,11236,866.2667,763.9667,53.6754,49.2218,4.4536,914.15,1009.3364,818.9636,1041.0653,787.2347
